Date,Day,WeekNr,Month,DateKey,MonthShort,MonthNo,Quarter,Year
1/1/2019,Tuesday,1,January,20190101,Jan,1,1,2019
1/2/2019,Wednesday,1,January,20190102,Jan,1,1,2019
1/3/2019,Thursday,1,January,20190103,Jan,1,1,2019
1/4/2019,Friday,1,January,20190104,Jan,1,1,2019
1/5/2019,Saturday,1,January,20190105,Jan,1,1,2019
1/6/2019,Sunday,2,January,20190106,Jan,1,1,2019
1/7/2019,Monday,2,January,20190107,Jan,1,1,2019
1/8/2019,Tuesday,2,January,20190108,Jan,1,1,2019
1/9/2019,Wednesday,2,January,20190109,Jan,1,1,2019
1/10/2019,Thursday,2,January,20190110,Jan,1,1,2019
1/11/2019,Friday,2,January,20190111,Jan,1,1,2019
1/12/2019,Saturday,2,January,20190112,Jan,1,1,2019
1/13/2019,Sunday,3,January,20190113,Jan,1,1,2019
1/14/2019,Monday,3,January,20190114,Jan,1,1,2019
1/15/2019,Tuesday,3,January,20190115,Jan,1,1,2019
1/16/2019,Wednesday,3,January,20190116,Jan,1,1,2019
1/17/2019,Thursday,3,January,20190117,Jan,1,1,2019
1/18/2019,Friday,3,January,20190118,Jan,1,1,2019
1/19/2019,Saturday,3,January,20190119,Jan,1,1,2019
1/20/2019,Sunday,4,January,20190120,Jan,1,1,2019
1/21/2019,Monday,4,January,20190121,Jan,1,1,2019
1/22/2019,Tuesday,4,January,20190122,Jan,1,1,2019
1/23/2019,Wednesday,4,January,20190123,Jan,1,1,2019
1/24/2019,Thursday,4,January,20190124,Jan,1,1,2019
1/25/2019,Friday,4,January,20190125,Jan,1,1,2019
1/26/2019,Saturday,4,January,20190126,Jan,1,1,2019
1/27/2019,Sunday,5,January,20190127,Jan,1,1,2019
1/28/2019,Monday,5,January,20190128,Jan,1,1,2019
1/29/2019,Tuesday,5,January,20190129,Jan,1,1,2019
1/30/2019,Wednesday,5,January,20190130,Jan,1,1,2019
1/31/2019,Thursday,5,January,20190131,Jan,1,1,2019
2/1/2019,Friday,5,February,20190201,Feb,2,1,2019
2/2/2019,Saturday,5,February,20190202,Feb,2,1,2019
2/3/2019,Sunday,6,February,20190203,Feb,2,1,2019
2/4/2019,Monday,6,February,20190204,Feb,2,1,2019
2/5/2019,Tuesday,6,February,20190205,Feb,2,1,2019
2/6/2019,Wednesday,6,February,20190206,Feb,2,1,2019
2/7/2019,Thursday,6,February,20190207,Feb,2,1,2019
2/8/2019,Friday,6,February,20190208,Feb,2,1,2019
2/9/2019,Saturday,6,February,20190209,Feb,2,1,2019
2/10/2019,Sunday,7,February,20190210,Feb,2,1,2019
2/11/2019,Monday,7,February,20190211,Feb,2,1,2019
2/12/2019,Tuesday,7,February,20190212,Feb,2,1,2019
2/13/2019,Wednesday,7,February,20190213,Feb,2,1,2019
2/14/2019,Thursday,7,February,20190214,Feb,2,1,2019
2/15/2019,Friday,7,February,20190215,Feb,2,1,2019
2/16/2019,Saturday,7,February,20190216,Feb,2,1,2019
2/17/2019,Sunday,8,February,20190217,Feb,2,1,2019
2/18/2019,Monday,8,February,20190218,Feb,2,1,2019
2/19/2019,Tuesday,8,February,20190219,Feb,2,1,2019
2/20/2019,Wednesday,8,February,20190220,Feb,2,1,2019
2/21/2019,Thursday,8,February,20190221,Feb,2,1,2019
2/22/2019,Friday,8,February,20190222,Feb,2,1,2019
2/23/2019,Saturday,8,February,20190223,Feb,2,1,2019
2/24/2019,Sunday,9,February,20190224,Feb,2,1,2019
2/25/2019,Monday,9,February,20190225,Feb,2,1,2019
2/26/2019,Tuesday,9,February,20190226,Feb,2,1,2019
2/27/2019,Wednesday,9,February,20190227,Feb,2,1,2019
2/28/2019,Thursday,9,February,20190228,Feb,2,1,2019
3/1/2019,Friday,9,March,20190301,Mar,3,1,2019
3/2/2019,Saturday,9,March,20190302,Mar,3,1,2019
3/3/2019,Sunday,10,March,20190303,Mar,3,1,2019
3/4/2019,Monday,10,March,20190304,Mar,3,1,2019
3/5/2019,Tuesday,10,March,20190305,Mar,3,1,2019
3/6/2019,Wednesday,10,March,20190306,Mar,3,1,2019
3/7/2019,Thursday,10,March,20190307,Mar,3,1,2019
3/8/2019,Friday,10,March,20190308,Mar,3,1,2019
3/9/2019,Saturday,10,March,20190309,Mar,3,1,2019
3/10/2019,Sunday,11,March,20190310,Mar,3,1,2019
3/11/2019,Monday,11,March,20190311,Mar,3,1,2019
3/12/2019,Tuesday,11,March,20190312,Mar,3,1,2019
3/13/2019,Wednesday,11,March,20190313,Mar,3,1,2019
3/14/2019,Thursday,11,March,20190314,Mar,3,1,2019
3/15/2019,Friday,11,March,20190315,Mar,3,1,2019
3/16/2019,Saturday,11,March,20190316,Mar,3,1,2019
3/17/2019,Sunday,12,March,20190317,Mar,3,1,2019
3/18/2019,Monday,12,March,20190318,Mar,3,1,2019
3/19/2019,Tuesday,12,March,20190319,Mar,3,1,2019
3/20/2019,Wednesday,12,March,20190320,Mar,3,1,2019
3/21/2019,Thursday,12,March,20190321,Mar,3,1,2019
3/22/2019,Friday,12,March,20190322,Mar,3,1,2019
3/23/2019,Saturday,12,March,20190323,Mar,3,1,2019
3/24/2019,Sunday,13,March,20190324,Mar,3,1,2019
3/25/2019,Monday,13,March,20190325,Mar,3,1,2019
3/26/2019,Tuesday,13,March,20190326,Mar,3,1,2019
3/27/2019,Wednesday,13,March,20190327,Mar,3,1,2019
3/28/2019,Thursday,13,March,20190328,Mar,3,1,2019
3/29/2019,Friday,13,March,20190329,Mar,3,1,2019
3/30/2019,Saturday,13,March,20190330,Mar,3,1,2019
3/31/2019,Sunday,14,March,20190331,Mar,3,1,2019
4/1/2019,Monday,14,April,20190401,Apr,4,2,2019
4/2/2019,Tuesday,14,April,20190402,Apr,4,2,2019
4/3/2019,Wednesday,14,April,20190403,Apr,4,2,2019
4/4/2019,Thursday,14,April,20190404,Apr,4,2,2019
4/5/2019,Friday,14,April,20190405,Apr,4,2,2019
4/6/2019,Saturday,14,April,20190406,Apr,4,2,2019
4/7/2019,Sunday,15,April,20190407,Apr,4,2,2019
4/8/2019,Monday,15,April,20190408,Apr,4,2,2019
4/9/2019,Tuesday,15,April,20190409,Apr,4,2,2019
4/10/2019,Wednesday,15,April,20190410,Apr,4,2,2019
4/11/2019,Thursday,15,April,20190411,Apr,4,2,2019
4/12/2019,Friday,15,April,20190412,Apr,4,2,2019
4/13/2019,Saturday,15,April,20190413,Apr,4,2,2019
4/14/2019,Sunday,16,April,20190414,Apr,4,2,2019
4/15/2019,Monday,16,April,20190415,Apr,4,2,2019
4/16/2019,Tuesday,16,April,20190416,Apr,4,2,2019
4/17/2019,Wednesday,16,April,20190417,Apr,4,2,2019
4/18/2019,Thursday,16,April,20190418,Apr,4,2,2019
4/19/2019,Friday,16,April,20190419,Apr,4,2,2019
4/20/2019,Saturday,16,April,20190420,Apr,4,2,2019
4/21/2019,Sunday,17,April,20190421,Apr,4,2,2019
4/22/2019,Monday,17,April,20190422,Apr,4,2,2019
4/23/2019,Tuesday,17,April,20190423,Apr,4,2,2019
4/24/2019,Wednesday,17,April,20190424,Apr,4,2,2019
4/25/2019,Thursday,17,April,20190425,Apr,4,2,2019
4/26/2019,Friday,17,April,20190426,Apr,4,2,2019
4/27/2019,Saturday,17,April,20190427,Apr,4,2,2019
4/28/2019,Sunday,18,April,20190428,Apr,4,2,2019
4/29/2019,Monday,18,April,20190429,Apr,4,2,2019
4/30/2019,Tuesday,18,April,20190430,Apr,4,2,2019
5/1/2019,Wednesday,18,May,20190501,May,5,2,2019
5/2/2019,Thursday,18,May,20190502,May,5,2,2019
5/3/2019,Friday,18,May,20190503,May,5,2,2019
5/4/2019,Saturday,18,May,20190504,May,5,2,2019
5/5/2019,Sunday,19,May,20190505,May,5,2,2019
5/6/2019,Monday,19,May,20190506,May,5,2,2019
5/7/2019,Tuesday,19,May,20190507,May,5,2,2019
5/8/2019,Wednesday,19,May,20190508,May,5,2,2019
5/9/2019,Thursday,19,May,20190509,May,5,2,2019
5/10/2019,Friday,19,May,20190510,May,5,2,2019
5/11/2019,Saturday,19,May,20190511,May,5,2,2019
5/12/2019,Sunday,20,May,20190512,May,5,2,2019
5/13/2019,Monday,20,May,20190513,May,5,2,2019
5/14/2019,Tuesday,20,May,20190514,May,5,2,2019
5/15/2019,Wednesday,20,May,20190515,May,5,2,2019
5/16/2019,Thursday,20,May,20190516,May,5,2,2019
5/17/2019,Friday,20,May,20190517,May,5,2,2019
5/18/2019,Saturday,20,May,20190518,May,5,2,2019
5/19/2019,Sunday,21,May,20190519,May,5,2,2019
5/20/2019,Monday,21,May,20190520,May,5,2,2019
5/21/2019,Tuesday,21,May,20190521,May,5,2,2019
5/22/2019,Wednesday,21,May,20190522,May,5,2,2019
5/23/2019,Thursday,21,May,20190523,May,5,2,2019
5/24/2019,Friday,21,May,20190524,May,5,2,2019
5/25/2019,Saturday,21,May,20190525,May,5,2,2019
5/26/2019,Sunday,22,May,20190526,May,5,2,2019
5/27/2019,Monday,22,May,20190527,May,5,2,2019
5/28/2019,Tuesday,22,May,20190528,May,5,2,2019
5/29/2019,Wednesday,22,May,20190529,May,5,2,2019
5/30/2019,Thursday,22,May,20190530,May,5,2,2019
5/31/2019,Friday,22,May,20190531,May,5,2,2019
6/1/2019,Saturday,22,June,20190601,Jun,6,2,2019
6/2/2019,Sunday,23,June,20190602,Jun,6,2,2019
6/3/2019,Monday,23,June,20190603,Jun,6,2,2019
6/4/2019,Tuesday,23,June,20190604,Jun,6,2,2019
6/5/2019,Wednesday,23,June,20190605,Jun,6,2,2019
6/6/2019,Thursday,23,June,20190606,Jun,6,2,2019
6/7/2019,Friday,23,June,20190607,Jun,6,2,2019
6/8/2019,Saturday,23,June,20190608,Jun,6,2,2019
6/9/2019,Sunday,24,June,20190609,Jun,6,2,2019
6/10/2019,Monday,24,June,20190610,Jun,6,2,2019
6/11/2019,Tuesday,24,June,20190611,Jun,6,2,2019
6/12/2019,Wednesday,24,June,20190612,Jun,6,2,2019
6/13/2019,Thursday,24,June,20190613,Jun,6,2,2019
6/14/2019,Friday,24,June,20190614,Jun,6,2,2019
6/15/2019,Saturday,24,June,20190615,Jun,6,2,2019
6/16/2019,Sunday,25,June,20190616,Jun,6,2,2019
6/17/2019,Monday,25,June,20190617,Jun,6,2,2019
6/18/2019,Tuesday,25,June,20190618,Jun,6,2,2019
6/19/2019,Wednesday,25,June,20190619,Jun,6,2,2019
6/20/2019,Thursday,25,June,20190620,Jun,6,2,2019
6/21/2019,Friday,25,June,20190621,Jun,6,2,2019
6/22/2019,Saturday,25,June,20190622,Jun,6,2,2019
6/23/2019,Sunday,26,June,20190623,Jun,6,2,2019
6/24/2019,Monday,26,June,20190624,Jun,6,2,2019
6/25/2019,Tuesday,26,June,20190625,Jun,6,2,2019
6/26/2019,Wednesday,26,June,20190626,Jun,6,2,2019
6/27/2019,Thursday,26,June,20190627,Jun,6,2,2019
6/28/2019,Friday,26,June,20190628,Jun,6,2,2019
6/29/2019,Saturday,26,June,20190629,Jun,6,2,2019
6/30/2019,Sunday,27,June,20190630,Jun,6,2,2019
7/1/2019,Monday,27,July,20190701,Jul,7,3,2019
7/2/2019,Tuesday,27,July,20190702,Jul,7,3,2019
7/3/2019,Wednesday,27,July,20190703,Jul,7,3,2019
7/4/2019,Thursday,27,July,20190704,Jul,7,3,2019
7/5/2019,Friday,27,July,20190705,Jul,7,3,2019
7/6/2019,Saturday,27,July,20190706,Jul,7,3,2019
7/7/2019,Sunday,28,July,20190707,Jul,7,3,2019
7/8/2019,Monday,28,July,20190708,Jul,7,3,2019
7/9/2019,Tuesday,28,July,20190709,Jul,7,3,2019
7/10/2019,Wednesday,28,July,20190710,Jul,7,3,2019
7/11/2019,Thursday,28,July,20190711,Jul,7,3,2019
7/12/2019,Friday,28,July,20190712,Jul,7,3,2019
7/13/2019,Saturday,28,July,20190713,Jul,7,3,2019
7/14/2019,Sunday,29,July,20190714,Jul,7,3,2019
7/15/2019,Monday,29,July,20190715,Jul,7,3,2019
7/16/2019,Tuesday,29,July,20190716,Jul,7,3,2019
7/17/2019,Wednesday,29,July,20190717,Jul,7,3,2019
7/18/2019,Thursday,29,July,20190718,Jul,7,3,2019
7/19/2019,Friday,29,July,20190719,Jul,7,3,2019
7/20/2019,Saturday,29,July,20190720,Jul,7,3,2019
7/21/2019,Sunday,30,July,20190721,Jul,7,3,2019
7/22/2019,Monday,30,July,20190722,Jul,7,3,2019
7/23/2019,Tuesday,30,July,20190723,Jul,7,3,2019
7/24/2019,Wednesday,30,July,20190724,Jul,7,3,2019
7/25/2019,Thursday,30,July,20190725,Jul,7,3,2019
7/26/2019,Friday,30,July,20190726,Jul,7,3,2019
7/27/2019,Saturday,30,July,20190727,Jul,7,3,2019
7/28/2019,Sunday,31,July,20190728,Jul,7,3,2019
7/29/2019,Monday,31,July,20190729,Jul,7,3,2019
7/30/2019,Tuesday,31,July,20190730,Jul,7,3,2019
7/31/2019,Wednesday,31,July,20190731,Jul,7,3,2019
8/1/2019,Thursday,31,August,20190801,Aug,8,3,2019
8/2/2019,Friday,31,August,20190802,Aug,8,3,2019
8/3/2019,Saturday,31,August,20190803,Aug,8,3,2019
8/4/2019,Sunday,32,August,20190804,Aug,8,3,2019
8/5/2019,Monday,32,August,20190805,Aug,8,3,2019
8/6/2019,Tuesday,32,August,20190806,Aug,8,3,2019
8/7/2019,Wednesday,32,August,20190807,Aug,8,3,2019
8/8/2019,Thursday,32,August,20190808,Aug,8,3,2019
8/9/2019,Friday,32,August,20190809,Aug,8,3,2019
8/10/2019,Saturday,32,August,20190810,Aug,8,3,2019
8/11/2019,Sunday,33,August,20190811,Aug,8,3,2019
8/12/2019,Monday,33,August,20190812,Aug,8,3,2019
8/13/2019,Tuesday,33,August,20190813,Aug,8,3,2019
8/14/2019,Wednesday,33,August,20190814,Aug,8,3,2019
8/15/2019,Thursday,33,August,20190815,Aug,8,3,2019
8/16/2019,Friday,33,August,20190816,Aug,8,3,2019
8/17/2019,Saturday,33,August,20190817,Aug,8,3,2019
8/18/2019,Sunday,34,August,20190818,Aug,8,3,2019
8/19/2019,Monday,34,August,20190819,Aug,8,3,2019
8/20/2019,Tuesday,34,August,20190820,Aug,8,3,2019
8/21/2019,Wednesday,34,August,20190821,Aug,8,3,2019
8/22/2019,Thursday,34,August,20190822,Aug,8,3,2019
8/23/2019,Friday,34,August,20190823,Aug,8,3,2019
8/24/2019,Saturday,34,August,20190824,Aug,8,3,2019
8/25/2019,Sunday,35,August,20190825,Aug,8,3,2019
8/26/2019,Monday,35,August,20190826,Aug,8,3,2019
8/27/2019,Tuesday,35,August,20190827,Aug,8,3,2019
8/28/2019,Wednesday,35,August,20190828,Aug,8,3,2019
8/29/2019,Thursday,35,August,20190829,Aug,8,3,2019
8/30/2019,Friday,35,August,20190830,Aug,8,3,2019
8/31/2019,Saturday,35,August,20190831,Aug,8,3,2019
9/1/2019,Sunday,36,September,20190901,Sep,9,3,2019
9/2/2019,Monday,36,September,20190902,Sep,9,3,2019
9/3/2019,Tuesday,36,September,20190903,Sep,9,3,2019
9/4/2019,Wednesday,36,September,20190904,Sep,9,3,2019
9/5/2019,Thursday,36,September,20190905,Sep,9,3,2019
9/6/2019,Friday,36,September,20190906,Sep,9,3,2019
9/7/2019,Saturday,36,September,20190907,Sep,9,3,2019
9/8/2019,Sunday,37,September,20190908,Sep,9,3,2019
9/9/2019,Monday,37,September,20190909,Sep,9,3,2019
9/10/2019,Tuesday,37,September,20190910,Sep,9,3,2019
9/11/2019,Wednesday,37,September,20190911,Sep,9,3,2019
9/12/2019,Thursday,37,September,20190912,Sep,9,3,2019
9/13/2019,Friday,37,September,20190913,Sep,9,3,2019
9/14/2019,Saturday,37,September,20190914,Sep,9,3,2019
9/15/2019,Sunday,38,September,20190915,Sep,9,3,2019
9/16/2019,Monday,38,September,20190916,Sep,9,3,2019
9/17/2019,Tuesday,38,September,20190917,Sep,9,3,2019
9/18/2019,Wednesday,38,September,20190918,Sep,9,3,2019
9/19/2019,Thursday,38,September,20190919,Sep,9,3,2019
9/20/2019,Friday,38,September,20190920,Sep,9,3,2019
9/21/2019,Saturday,38,September,20190921,Sep,9,3,2019
9/22/2019,Sunday,39,September,20190922,Sep,9,3,2019
9/23/2019,Monday,39,September,20190923,Sep,9,3,2019
9/24/2019,Tuesday,39,September,20190924,Sep,9,3,2019
9/25/2019,Wednesday,39,September,20190925,Sep,9,3,2019
9/26/2019,Thursday,39,September,20190926,Sep,9,3,2019
9/27/2019,Friday,39,September,20190927,Sep,9,3,2019
9/28/2019,Saturday,39,September,20190928,Sep,9,3,2019
9/29/2019,Sunday,40,September,20190929,Sep,9,3,2019
9/30/2019,Monday,40,September,20190930,Sep,9,3,2019
10/1/2019,Tuesday,40,October,20191001,Oct,10,4,2019
10/2/2019,Wednesday,40,October,20191002,Oct,10,4,2019
10/3/2019,Thursday,40,October,20191003,Oct,10,4,2019
10/4/2019,Friday,40,October,20191004,Oct,10,4,2019
10/5/2019,Saturday,40,October,20191005,Oct,10,4,2019
10/6/2019,Sunday,41,October,20191006,Oct,10,4,2019
10/7/2019,Monday,41,October,20191007,Oct,10,4,2019
10/8/2019,Tuesday,41,October,20191008,Oct,10,4,2019
10/9/2019,Wednesday,41,October,20191009,Oct,10,4,2019
10/10/2019,Thursday,41,October,20191010,Oct,10,4,2019
10/11/2019,Friday,41,October,20191011,Oct,10,4,2019
10/12/2019,Saturday,41,October,20191012,Oct,10,4,2019
10/13/2019,Sunday,42,October,20191013,Oct,10,4,2019
10/14/2019,Monday,42,October,20191014,Oct,10,4,2019
10/15/2019,Tuesday,42,October,20191015,Oct,10,4,2019
10/16/2019,Wednesday,42,October,20191016,Oct,10,4,2019
10/17/2019,Thursday,42,October,20191017,Oct,10,4,2019
10/18/2019,Friday,42,October,20191018,Oct,10,4,2019
10/19/2019,Saturday,42,October,20191019,Oct,10,4,2019
10/20/2019,Sunday,43,October,20191020,Oct,10,4,2019
10/21/2019,Monday,43,October,20191021,Oct,10,4,2019
10/22/2019,Tuesday,43,October,20191022,Oct,10,4,2019
10/23/2019,Wednesday,43,October,20191023,Oct,10,4,2019
10/24/2019,Thursday,43,October,20191024,Oct,10,4,2019
10/25/2019,Friday,43,October,20191025,Oct,10,4,2019
10/26/2019,Saturday,43,October,20191026,Oct,10,4,2019
10/27/2019,Sunday,44,October,20191027,Oct,10,4,2019
10/28/2019,Monday,44,October,20191028,Oct,10,4,2019
10/29/2019,Tuesday,44,October,20191029,Oct,10,4,2019
10/30/2019,Wednesday,44,October,20191030,Oct,10,4,2019
10/31/2019,Thursday,44,October,20191031,Oct,10,4,2019
11/1/2019,Friday,44,November,20191101,Nov,11,4,2019
11/2/2019,Saturday,44,November,20191102,Nov,11,4,2019
11/3/2019,Sunday,45,November,20191103,Nov,11,4,2019
11/4/2019,Monday,45,November,20191104,Nov,11,4,2019
11/5/2019,Tuesday,45,November,20191105,Nov,11,4,2019
11/6/2019,Wednesday,45,November,20191106,Nov,11,4,2019
11/7/2019,Thursday,45,November,20191107,Nov,11,4,2019
11/8/2019,Friday,45,November,20191108,Nov,11,4,2019
11/9/2019,Saturday,45,November,20191109,Nov,11,4,2019
11/10/2019,Sunday,46,November,20191110,Nov,11,4,2019
11/11/2019,Monday,46,November,20191111,Nov,11,4,2019
11/12/2019,Tuesday,46,November,20191112,Nov,11,4,2019
11/13/2019,Wednesday,46,November,20191113,Nov,11,4,2019
11/14/2019,Thursday,46,November,20191114,Nov,11,4,2019
11/15/2019,Friday,46,November,20191115,Nov,11,4,2019
11/16/2019,Saturday,46,November,20191116,Nov,11,4,2019
11/17/2019,Sunday,47,November,20191117,Nov,11,4,2019
11/18/2019,Monday,47,November,20191118,Nov,11,4,2019
11/19/2019,Tuesday,47,November,20191119,Nov,11,4,2019
11/20/2019,Wednesday,47,November,20191120,Nov,11,4,2019
11/21/2019,Thursday,47,November,20191121,Nov,11,4,2019
11/22/2019,Friday,47,November,20191122,Nov,11,4,2019
11/23/2019,Saturday,47,November,20191123,Nov,11,4,2019
11/24/2019,Sunday,48,November,20191124,Nov,11,4,2019
11/25/2019,Monday,48,November,20191125,Nov,11,4,2019
11/26/2019,Tuesday,48,November,20191126,Nov,11,4,2019
11/27/2019,Wednesday,48,November,20191127,Nov,11,4,2019
11/28/2019,Thursday,48,November,20191128,Nov,11,4,2019
11/29/2019,Friday,48,November,20191129,Nov,11,4,2019
11/30/2019,Saturday,48,November,20191130,Nov,11,4,2019
12/1/2019,Sunday,49,December,20191201,Dec,12,4,2019
12/2/2019,Monday,49,December,20191202,Dec,12,4,2019
12/3/2019,Tuesday,49,December,20191203,Dec,12,4,2019
12/4/2019,Wednesday,49,December,20191204,Dec,12,4,2019
12/5/2019,Thursday,49,December,20191205,Dec,12,4,2019
12/6/2019,Friday,49,December,20191206,Dec,12,4,2019
12/7/2019,Saturday,49,December,20191207,Dec,12,4,2019
12/8/2019,Sunday,50,December,20191208,Dec,12,4,2019
12/9/2019,Monday,50,December,20191209,Dec,12,4,2019
12/10/2019,Tuesday,50,December,20191210,Dec,12,4,2019
12/11/2019,Wednesday,50,December,20191211,Dec,12,4,2019
12/12/2019,Thursday,50,December,20191212,Dec,12,4,2019
12/13/2019,Friday,50,December,20191213,Dec,12,4,2019
12/14/2019,Saturday,50,December,20191214,Dec,12,4,2019
12/15/2019,Sunday,51,December,20191215,Dec,12,4,2019
12/16/2019,Monday,51,December,20191216,Dec,12,4,2019
12/17/2019,Tuesday,51,December,20191217,Dec,12,4,2019
12/18/2019,Wednesday,51,December,20191218,Dec,12,4,2019
12/19/2019,Thursday,51,December,20191219,Dec,12,4,2019
12/20/2019,Friday,51,December,20191220,Dec,12,4,2019
12/21/2019,Saturday,51,December,20191221,Dec,12,4,2019
12/22/2019,Sunday,52,December,20191222,Dec,12,4,2019
12/23/2019,Monday,52,December,20191223,Dec,12,4,2019
12/24/2019,Tuesday,52,December,20191224,Dec,12,4,2019
12/25/2019,Wednesday,52,December,20191225,Dec,12,4,2019
12/26/2019,Thursday,52,December,20191226,Dec,12,4,2019
12/27/2019,Friday,52,December,20191227,Dec,12,4,2019
12/28/2019,Saturday,52,December,20191228,Dec,12,4,2019
12/29/2019,Sunday,53,December,20191229,Dec,12,4,2019
12/30/2019,Monday,53,December,20191230,Dec,12,4,2019
12/31/2019,Tuesday,53,December,20191231,Dec,12,4,2019
1/1/2020,Wednesday,1,January,20200101,Jan,1,1,2020
1/2/2020,Thursday,1,January,20200102,Jan,1,1,2020
1/3/2020,Friday,1,January,20200103,Jan,1,1,2020
1/4/2020,Saturday,1,January,20200104,Jan,1,1,2020
1/5/2020,Sunday,2,January,20200105,Jan,1,1,2020
1/6/2020,Monday,2,January,20200106,Jan,1,1,2020
1/7/2020,Tuesday,2,January,20200107,Jan,1,1,2020
1/8/2020,Wednesday,2,January,20200108,Jan,1,1,2020
1/9/2020,Thursday,2,January,20200109,Jan,1,1,2020
1/10/2020,Friday,2,January,20200110,Jan,1,1,2020
1/11/2020,Saturday,2,January,20200111,Jan,1,1,2020
1/12/2020,Sunday,3,January,20200112,Jan,1,1,2020
1/13/2020,Monday,3,January,20200113,Jan,1,1,2020
1/14/2020,Tuesday,3,January,20200114,Jan,1,1,2020
1/15/2020,Wednesday,3,January,20200115,Jan,1,1,2020
1/16/2020,Thursday,3,January,20200116,Jan,1,1,2020
1/17/2020,Friday,3,January,20200117,Jan,1,1,2020
1/18/2020,Saturday,3,January,20200118,Jan,1,1,2020
1/19/2020,Sunday,4,January,20200119,Jan,1,1,2020
1/20/2020,Monday,4,January,20200120,Jan,1,1,2020
1/21/2020,Tuesday,4,January,20200121,Jan,1,1,2020
1/22/2020,Wednesday,4,January,20200122,Jan,1,1,2020
1/23/2020,Thursday,4,January,20200123,Jan,1,1,2020
1/24/2020,Friday,4,January,20200124,Jan,1,1,2020
1/25/2020,Saturday,4,January,20200125,Jan,1,1,2020
1/26/2020,Sunday,5,January,20200126,Jan,1,1,2020
1/27/2020,Monday,5,January,20200127,Jan,1,1,2020
1/28/2020,Tuesday,5,January,20200128,Jan,1,1,2020
1/29/2020,Wednesday,5,January,20200129,Jan,1,1,2020
1/30/2020,Thursday,5,January,20200130,Jan,1,1,2020
1/31/2020,Friday,5,January,20200131,Jan,1,1,2020
2/1/2020,Saturday,5,February,20200201,Feb,2,1,2020
2/2/2020,Sunday,6,February,20200202,Feb,2,1,2020
2/3/2020,Monday,6,February,20200203,Feb,2,1,2020
2/4/2020,Tuesday,6,February,20200204,Feb,2,1,2020
2/5/2020,Wednesday,6,February,20200205,Feb,2,1,2020
2/6/2020,Thursday,6,February,20200206,Feb,2,1,2020
2/7/2020,Friday,6,February,20200207,Feb,2,1,2020
2/8/2020,Saturday,6,February,20200208,Feb,2,1,2020
2/9/2020,Sunday,7,February,20200209,Feb,2,1,2020
2/10/2020,Monday,7,February,20200210,Feb,2,1,2020
2/11/2020,Tuesday,7,February,20200211,Feb,2,1,2020
2/12/2020,Wednesday,7,February,20200212,Feb,2,1,2020
2/13/2020,Thursday,7,February,20200213,Feb,2,1,2020
2/14/2020,Friday,7,February,20200214,Feb,2,1,2020
2/15/2020,Saturday,7,February,20200215,Feb,2,1,2020
2/16/2020,Sunday,8,February,20200216,Feb,2,1,2020
2/17/2020,Monday,8,February,20200217,Feb,2,1,2020
2/18/2020,Tuesday,8,February,20200218,Feb,2,1,2020
2/19/2020,Wednesday,8,February,20200219,Feb,2,1,2020
2/20/2020,Thursday,8,February,20200220,Feb,2,1,2020
2/21/2020,Friday,8,February,20200221,Feb,2,1,2020
2/22/2020,Saturday,8,February,20200222,Feb,2,1,2020
2/23/2020,Sunday,9,February,20200223,Feb,2,1,2020
2/24/2020,Monday,9,February,20200224,Feb,2,1,2020
2/25/2020,Tuesday,9,February,20200225,Feb,2,1,2020
2/26/2020,Wednesday,9,February,20200226,Feb,2,1,2020
2/27/2020,Thursday,9,February,20200227,Feb,2,1,2020
2/28/2020,Friday,9,February,20200228,Feb,2,1,2020
2/29/2020,Saturday,9,February,20200229,Feb,2,1,2020
3/1/2020,Sunday,10,March,20200301,Mar,3,1,2020
3/2/2020,Monday,10,March,20200302,Mar,3,1,2020
3/3/2020,Tuesday,10,March,20200303,Mar,3,1,2020
3/4/2020,Wednesday,10,March,20200304,Mar,3,1,2020
3/5/2020,Thursday,10,March,20200305,Mar,3,1,2020
3/6/2020,Friday,10,March,20200306,Mar,3,1,2020
3/7/2020,Saturday,10,March,20200307,Mar,3,1,2020
3/8/2020,Sunday,11,March,20200308,Mar,3,1,2020
3/9/2020,Monday,11,March,20200309,Mar,3,1,2020
3/10/2020,Tuesday,11,March,20200310,Mar,3,1,2020
3/11/2020,Wednesday,11,March,20200311,Mar,3,1,2020
3/12/2020,Thursday,11,March,20200312,Mar,3,1,2020
3/13/2020,Friday,11,March,20200313,Mar,3,1,2020
3/14/2020,Saturday,11,March,20200314,Mar,3,1,2020
3/15/2020,Sunday,12,March,20200315,Mar,3,1,2020
3/16/2020,Monday,12,March,20200316,Mar,3,1,2020
3/17/2020,Tuesday,12,March,20200317,Mar,3,1,2020
3/18/2020,Wednesday,12,March,20200318,Mar,3,1,2020
3/19/2020,Thursday,12,March,20200319,Mar,3,1,2020
3/20/2020,Friday,12,March,20200320,Mar,3,1,2020
3/21/2020,Saturday,12,March,20200321,Mar,3,1,2020
3/22/2020,Sunday,13,March,20200322,Mar,3,1,2020
3/23/2020,Monday,13,March,20200323,Mar,3,1,2020
3/24/2020,Tuesday,13,March,20200324,Mar,3,1,2020
3/25/2020,Wednesday,13,March,20200325,Mar,3,1,2020
3/26/2020,Thursday,13,March,20200326,Mar,3,1,2020
3/27/2020,Friday,13,March,20200327,Mar,3,1,2020
3/28/2020,Saturday,13,March,20200328,Mar,3,1,2020
3/29/2020,Sunday,14,March,20200329,Mar,3,1,2020
3/30/2020,Monday,14,March,20200330,Mar,3,1,2020
3/31/2020,Tuesday,14,March,20200331,Mar,3,1,2020
4/1/2020,Wednesday,14,April,20200401,Apr,4,2,2020
4/2/2020,Thursday,14,April,20200402,Apr,4,2,2020
4/3/2020,Friday,14,April,20200403,Apr,4,2,2020
4/4/2020,Saturday,14,April,20200404,Apr,4,2,2020
4/5/2020,Sunday,15,April,20200405,Apr,4,2,2020
4/6/2020,Monday,15,April,20200406,Apr,4,2,2020
4/7/2020,Tuesday,15,April,20200407,Apr,4,2,2020
4/8/2020,Wednesday,15,April,20200408,Apr,4,2,2020
4/9/2020,Thursday,15,April,20200409,Apr,4,2,2020
4/10/2020,Friday,15,April,20200410,Apr,4,2,2020
4/11/2020,Saturday,15,April,20200411,Apr,4,2,2020
4/12/2020,Sunday,16,April,20200412,Apr,4,2,2020
4/13/2020,Monday,16,April,20200413,Apr,4,2,2020
4/14/2020,Tuesday,16,April,20200414,Apr,4,2,2020
4/15/2020,Wednesday,16,April,20200415,Apr,4,2,2020
4/16/2020,Thursday,16,April,20200416,Apr,4,2,2020
4/17/2020,Friday,16,April,20200417,Apr,4,2,2020
4/18/2020,Saturday,16,April,20200418,Apr,4,2,2020
4/19/2020,Sunday,17,April,20200419,Apr,4,2,2020
4/20/2020,Monday,17,April,20200420,Apr,4,2,2020
4/21/2020,Tuesday,17,April,20200421,Apr,4,2,2020
4/22/2020,Wednesday,17,April,20200422,Apr,4,2,2020
4/23/2020,Thursday,17,April,20200423,Apr,4,2,2020
4/24/2020,Friday,17,April,20200424,Apr,4,2,2020
4/25/2020,Saturday,17,April,20200425,Apr,4,2,2020
4/26/2020,Sunday,18,April,20200426,Apr,4,2,2020
4/27/2020,Monday,18,April,20200427,Apr,4,2,2020
4/28/2020,Tuesday,18,April,20200428,Apr,4,2,2020
4/29/2020,Wednesday,18,April,20200429,Apr,4,2,2020
4/30/2020,Thursday,18,April,20200430,Apr,4,2,2020
5/1/2020,Friday,18,May,20200501,May,5,2,2020
5/2/2020,Saturday,18,May,20200502,May,5,2,2020
5/3/2020,Sunday,19,May,20200503,May,5,2,2020
5/4/2020,Monday,19,May,20200504,May,5,2,2020
5/5/2020,Tuesday,19,May,20200505,May,5,2,2020
5/6/2020,Wednesday,19,May,20200506,May,5,2,2020
5/7/2020,Thursday,19,May,20200507,May,5,2,2020
5/8/2020,Friday,19,May,20200508,May,5,2,2020
5/9/2020,Saturday,19,May,20200509,May,5,2,2020
5/10/2020,Sunday,20,May,20200510,May,5,2,2020
5/11/2020,Monday,20,May,20200511,May,5,2,2020
5/12/2020,Tuesday,20,May,20200512,May,5,2,2020
5/13/2020,Wednesday,20,May,20200513,May,5,2,2020
5/14/2020,Thursday,20,May,20200514,May,5,2,2020
5/15/2020,Friday,20,May,20200515,May,5,2,2020
5/16/2020,Saturday,20,May,20200516,May,5,2,2020
5/17/2020,Sunday,21,May,20200517,May,5,2,2020
5/18/2020,Monday,21,May,20200518,May,5,2,2020
5/19/2020,Tuesday,21,May,20200519,May,5,2,2020
5/20/2020,Wednesday,21,May,20200520,May,5,2,2020
5/21/2020,Thursday,21,May,20200521,May,5,2,2020
5/22/2020,Friday,21,May,20200522,May,5,2,2020
5/23/2020,Saturday,21,May,20200523,May,5,2,2020
5/24/2020,Sunday,22,May,20200524,May,5,2,2020
5/25/2020,Monday,22,May,20200525,May,5,2,2020
5/26/2020,Tuesday,22,May,20200526,May,5,2,2020
5/27/2020,Wednesday,22,May,20200527,May,5,2,2020
5/28/2020,Thursday,22,May,20200528,May,5,2,2020
5/29/2020,Friday,22,May,20200529,May,5,2,2020
5/30/2020,Saturday,22,May,20200530,May,5,2,2020
5/31/2020,Sunday,23,May,20200531,May,5,2,2020
6/1/2020,Monday,23,June,20200601,Jun,6,2,2020
6/2/2020,Tuesday,23,June,20200602,Jun,6,2,2020
6/3/2020,Wednesday,23,June,20200603,Jun,6,2,2020
6/4/2020,Thursday,23,June,20200604,Jun,6,2,2020
6/5/2020,Friday,23,June,20200605,Jun,6,2,2020
6/6/2020,Saturday,23,June,20200606,Jun,6,2,2020
6/7/2020,Sunday,24,June,20200607,Jun,6,2,2020
6/8/2020,Monday,24,June,20200608,Jun,6,2,2020
6/9/2020,Tuesday,24,June,20200609,Jun,6,2,2020
6/10/2020,Wednesday,24,June,20200610,Jun,6,2,2020
6/11/2020,Thursday,24,June,20200611,Jun,6,2,2020
6/12/2020,Friday,24,June,20200612,Jun,6,2,2020
6/13/2020,Saturday,24,June,20200613,Jun,6,2,2020
6/14/2020,Sunday,25,June,20200614,Jun,6,2,2020
6/15/2020,Monday,25,June,20200615,Jun,6,2,2020
6/16/2020,Tuesday,25,June,20200616,Jun,6,2,2020
6/17/2020,Wednesday,25,June,20200617,Jun,6,2,2020
6/18/2020,Thursday,25,June,20200618,Jun,6,2,2020
6/19/2020,Friday,25,June,20200619,Jun,6,2,2020
6/20/2020,Saturday,25,June,20200620,Jun,6,2,2020
6/21/2020,Sunday,26,June,20200621,Jun,6,2,2020
6/22/2020,Monday,26,June,20200622,Jun,6,2,2020
6/23/2020,Tuesday,26,June,20200623,Jun,6,2,2020
6/24/2020,Wednesday,26,June,20200624,Jun,6,2,2020
6/25/2020,Thursday,26,June,20200625,Jun,6,2,2020
6/26/2020,Friday,26,June,20200626,Jun,6,2,2020
6/27/2020,Saturday,26,June,20200627,Jun,6,2,2020
6/28/2020,Sunday,27,June,20200628,Jun,6,2,2020
6/29/2020,Monday,27,June,20200629,Jun,6,2,2020
6/30/2020,Tuesday,27,June,20200630,Jun,6,2,2020
7/1/2020,Wednesday,27,July,20200701,Jul,7,3,2020
7/2/2020,Thursday,27,July,20200702,Jul,7,3,2020
7/3/2020,Friday,27,July,20200703,Jul,7,3,2020
7/4/2020,Saturday,27,July,20200704,Jul,7,3,2020
7/5/2020,Sunday,28,July,20200705,Jul,7,3,2020
7/6/2020,Monday,28,July,20200706,Jul,7,3,2020
7/7/2020,Tuesday,28,July,20200707,Jul,7,3,2020
7/8/2020,Wednesday,28,July,20200708,Jul,7,3,2020
7/9/2020,Thursday,28,July,20200709,Jul,7,3,2020
7/10/2020,Friday,28,July,20200710,Jul,7,3,2020
7/11/2020,Saturday,28,July,20200711,Jul,7,3,2020
7/12/2020,Sunday,29,July,20200712,Jul,7,3,2020
7/13/2020,Monday,29,July,20200713,Jul,7,3,2020
7/14/2020,Tuesday,29,July,20200714,Jul,7,3,2020
7/15/2020,Wednesday,29,July,20200715,Jul,7,3,2020
7/16/2020,Thursday,29,July,20200716,Jul,7,3,2020
7/17/2020,Friday,29,July,20200717,Jul,7,3,2020
7/18/2020,Saturday,29,July,20200718,Jul,7,3,2020
7/19/2020,Sunday,30,July,20200719,Jul,7,3,2020
7/20/2020,Monday,30,July,20200720,Jul,7,3,2020
7/21/2020,Tuesday,30,July,20200721,Jul,7,3,2020
7/22/2020,Wednesday,30,July,20200722,Jul,7,3,2020
7/23/2020,Thursday,30,July,20200723,Jul,7,3,2020
7/24/2020,Friday,30,July,20200724,Jul,7,3,2020
7/25/2020,Saturday,30,July,20200725,Jul,7,3,2020
7/26/2020,Sunday,31,July,20200726,Jul,7,3,2020
7/27/2020,Monday,31,July,20200727,Jul,7,3,2020
7/28/2020,Tuesday,31,July,20200728,Jul,7,3,2020
7/29/2020,Wednesday,31,July,20200729,Jul,7,3,2020
7/30/2020,Thursday,31,July,20200730,Jul,7,3,2020
7/31/2020,Friday,31,July,20200731,Jul,7,3,2020
8/1/2020,Saturday,31,August,20200801,Aug,8,3,2020
8/2/2020,Sunday,32,August,20200802,Aug,8,3,2020
8/3/2020,Monday,32,August,20200803,Aug,8,3,2020
8/4/2020,Tuesday,32,August,20200804,Aug,8,3,2020
8/5/2020,Wednesday,32,August,20200805,Aug,8,3,2020
8/6/2020,Thursday,32,August,20200806,Aug,8,3,2020
8/7/2020,Friday,32,August,20200807,Aug,8,3,2020
8/8/2020,Saturday,32,August,20200808,Aug,8,3,2020
8/9/2020,Sunday,33,August,20200809,Aug,8,3,2020
8/10/2020,Monday,33,August,20200810,Aug,8,3,2020
8/11/2020,Tuesday,33,August,20200811,Aug,8,3,2020
8/12/2020,Wednesday,33,August,20200812,Aug,8,3,2020
8/13/2020,Thursday,33,August,20200813,Aug,8,3,2020
8/14/2020,Friday,33,August,20200814,Aug,8,3,2020
8/15/2020,Saturday,33,August,20200815,Aug,8,3,2020
8/16/2020,Sunday,34,August,20200816,Aug,8,3,2020
8/17/2020,Monday,34,August,20200817,Aug,8,3,2020
8/18/2020,Tuesday,34,August,20200818,Aug,8,3,2020
8/19/2020,Wednesday,34,August,20200819,Aug,8,3,2020
8/20/2020,Thursday,34,August,20200820,Aug,8,3,2020
8/21/2020,Friday,34,August,20200821,Aug,8,3,2020
8/22/2020,Saturday,34,August,20200822,Aug,8,3,2020
8/23/2020,Sunday,35,August,20200823,Aug,8,3,2020
8/24/2020,Monday,35,August,20200824,Aug,8,3,2020
8/25/2020,Tuesday,35,August,20200825,Aug,8,3,2020
8/26/2020,Wednesday,35,August,20200826,Aug,8,3,2020
8/27/2020,Thursday,35,August,20200827,Aug,8,3,2020
8/28/2020,Friday,35,August,20200828,Aug,8,3,2020
8/29/2020,Saturday,35,August,20200829,Aug,8,3,2020
8/30/2020,Sunday,36,August,20200830,Aug,8,3,2020
8/31/2020,Monday,36,August,20200831,Aug,8,3,2020
9/1/2020,Tuesday,36,September,20200901,Sep,9,3,2020
9/2/2020,Wednesday,36,September,20200902,Sep,9,3,2020
9/3/2020,Thursday,36,September,20200903,Sep,9,3,2020
9/4/2020,Friday,36,September,20200904,Sep,9,3,2020
9/5/2020,Saturday,36,September,20200905,Sep,9,3,2020
9/6/2020,Sunday,37,September,20200906,Sep,9,3,2020
9/7/2020,Monday,37,September,20200907,Sep,9,3,2020
9/8/2020,Tuesday,37,September,20200908,Sep,9,3,2020
9/9/2020,Wednesday,37,September,20200909,Sep,9,3,2020
9/10/2020,Thursday,37,September,20200910,Sep,9,3,2020
9/11/2020,Friday,37,September,20200911,Sep,9,3,2020
9/12/2020,Saturday,37,September,20200912,Sep,9,3,2020
9/13/2020,Sunday,38,September,20200913,Sep,9,3,2020
9/14/2020,Monday,38,September,20200914,Sep,9,3,2020
9/15/2020,Tuesday,38,September,20200915,Sep,9,3,2020
9/16/2020,Wednesday,38,September,20200916,Sep,9,3,2020
9/17/2020,Thursday,38,September,20200917,Sep,9,3,2020
9/18/2020,Friday,38,September,20200918,Sep,9,3,2020
9/19/2020,Saturday,38,September,20200919,Sep,9,3,2020
9/20/2020,Sunday,39,September,20200920,Sep,9,3,2020
9/21/2020,Monday,39,September,20200921,Sep,9,3,2020
9/22/2020,Tuesday,39,September,20200922,Sep,9,3,2020
9/23/2020,Wednesday,39,September,20200923,Sep,9,3,2020
9/24/2020,Thursday,39,September,20200924,Sep,9,3,2020
9/25/2020,Friday,39,September,20200925,Sep,9,3,2020
9/26/2020,Saturday,39,September,20200926,Sep,9,3,2020
9/27/2020,Sunday,40,September,20200927,Sep,9,3,2020
9/28/2020,Monday,40,September,20200928,Sep,9,3,2020
9/29/2020,Tuesday,40,September,20200929,Sep,9,3,2020
9/30/2020,Wednesday,40,September,20200930,Sep,9,3,2020
10/1/2020,Thursday,40,October,20201001,Oct,10,4,2020
10/2/2020,Friday,40,October,20201002,Oct,10,4,2020
10/3/2020,Saturday,40,October,20201003,Oct,10,4,2020
10/4/2020,Sunday,41,October,20201004,Oct,10,4,2020
10/5/2020,Monday,41,October,20201005,Oct,10,4,2020
10/6/2020,Tuesday,41,October,20201006,Oct,10,4,2020
10/7/2020,Wednesday,41,October,20201007,Oct,10,4,2020
10/8/2020,Thursday,41,October,20201008,Oct,10,4,2020
10/9/2020,Friday,41,October,20201009,Oct,10,4,2020
10/10/2020,Saturday,41,October,20201010,Oct,10,4,2020
10/11/2020,Sunday,42,October,20201011,Oct,10,4,2020
10/12/2020,Monday,42,October,20201012,Oct,10,4,2020
10/13/2020,Tuesday,42,October,20201013,Oct,10,4,2020
10/14/2020,Wednesday,42,October,20201014,Oct,10,4,2020
10/15/2020,Thursday,42,October,20201015,Oct,10,4,2020
10/16/2020,Friday,42,October,20201016,Oct,10,4,2020
10/17/2020,Saturday,42,October,20201017,Oct,10,4,2020
10/18/2020,Sunday,43,October,20201018,Oct,10,4,2020
10/19/2020,Monday,43,October,20201019,Oct,10,4,2020
10/20/2020,Tuesday,43,October,20201020,Oct,10,4,2020
10/21/2020,Wednesday,43,October,20201021,Oct,10,4,2020
10/22/2020,Thursday,43,October,20201022,Oct,10,4,2020
10/23/2020,Friday,43,October,20201023,Oct,10,4,2020
10/24/2020,Saturday,43,October,20201024,Oct,10,4,2020
10/25/2020,Sunday,44,October,20201025,Oct,10,4,2020
10/26/2020,Monday,44,October,20201026,Oct,10,4,2020
10/27/2020,Tuesday,44,October,20201027,Oct,10,4,2020
10/28/2020,Wednesday,44,October,20201028,Oct,10,4,2020
10/29/2020,Thursday,44,October,20201029,Oct,10,4,2020
10/30/2020,Friday,44,October,20201030,Oct,10,4,2020
10/31/2020,Saturday,44,October,20201031,Oct,10,4,2020
11/1/2020,Sunday,45,November,20201101,Nov,11,4,2020
11/2/2020,Monday,45,November,20201102,Nov,11,4,2020
11/3/2020,Tuesday,45,November,20201103,Nov,11,4,2020
11/4/2020,Wednesday,45,November,20201104,Nov,11,4,2020
11/5/2020,Thursday,45,November,20201105,Nov,11,4,2020
11/6/2020,Friday,45,November,20201106,Nov,11,4,2020
11/7/2020,Saturday,45,November,20201107,Nov,11,4,2020
11/8/2020,Sunday,46,November,20201108,Nov,11,4,2020
11/9/2020,Monday,46,November,20201109,Nov,11,4,2020
11/10/2020,Tuesday,46,November,20201110,Nov,11,4,2020
11/11/2020,Wednesday,46,November,20201111,Nov,11,4,2020
11/12/2020,Thursday,46,November,20201112,Nov,11,4,2020
11/13/2020,Friday,46,November,20201113,Nov,11,4,2020
11/14/2020,Saturday,46,November,20201114,Nov,11,4,2020
11/15/2020,Sunday,47,November,20201115,Nov,11,4,2020
11/16/2020,Monday,47,November,20201116,Nov,11,4,2020
11/17/2020,Tuesday,47,November,20201117,Nov,11,4,2020
11/18/2020,Wednesday,47,November,20201118,Nov,11,4,2020
11/19/2020,Thursday,47,November,20201119,Nov,11,4,2020
11/20/2020,Friday,47,November,20201120,Nov,11,4,2020
11/21/2020,Saturday,47,November,20201121,Nov,11,4,2020
11/22/2020,Sunday,48,November,20201122,Nov,11,4,2020
11/23/2020,Monday,48,November,20201123,Nov,11,4,2020
11/24/2020,Tuesday,48,November,20201124,Nov,11,4,2020
11/25/2020,Wednesday,48,November,20201125,Nov,11,4,2020
11/26/2020,Thursday,48,November,20201126,Nov,11,4,2020
11/27/2020,Friday,48,November,20201127,Nov,11,4,2020
11/28/2020,Saturday,48,November,20201128,Nov,11,4,2020
11/29/2020,Sunday,49,November,20201129,Nov,11,4,2020
11/30/2020,Monday,49,November,20201130,Nov,11,4,2020
12/1/2020,Tuesday,49,December,20201201,Dec,12,4,2020
12/2/2020,Wednesday,49,December,20201202,Dec,12,4,2020
12/3/2020,Thursday,49,December,20201203,Dec,12,4,2020
12/4/2020,Friday,49,December,20201204,Dec,12,4,2020
12/5/2020,Saturday,49,December,20201205,Dec,12,4,2020
12/6/2020,Sunday,50,December,20201206,Dec,12,4,2020
12/7/2020,Monday,50,December,20201207,Dec,12,4,2020
12/8/2020,Tuesday,50,December,20201208,Dec,12,4,2020
12/9/2020,Wednesday,50,December,20201209,Dec,12,4,2020
12/10/2020,Thursday,50,December,20201210,Dec,12,4,2020
12/11/2020,Friday,50,December,20201211,Dec,12,4,2020
12/12/2020,Saturday,50,December,20201212,Dec,12,4,2020
12/13/2020,Sunday,51,December,20201213,Dec,12,4,2020
12/14/2020,Monday,51,December,20201214,Dec,12,4,2020
12/15/2020,Tuesday,51,December,20201215,Dec,12,4,2020
12/16/2020,Wednesday,51,December,20201216,Dec,12,4,2020
12/17/2020,Thursday,51,December,20201217,Dec,12,4,2020
12/18/2020,Friday,51,December,20201218,Dec,12,4,2020
12/19/2020,Saturday,51,December,20201219,Dec,12,4,2020
12/20/2020,Sunday,52,December,20201220,Dec,12,4,2020
12/21/2020,Monday,52,December,20201221,Dec,12,4,2020
12/22/2020,Tuesday,52,December,20201222,Dec,12,4,2020
12/23/2020,Wednesday,52,December,20201223,Dec,12,4,2020
12/24/2020,Thursday,52,December,20201224,Dec,12,4,2020
12/25/2020,Friday,52,December,20201225,Dec,12,4,2020
12/26/2020,Saturday,52,December,20201226,Dec,12,4,2020
12/27/2020,Sunday,53,December,20201227,Dec,12,4,2020
12/28/2020,Monday,53,December,20201228,Dec,12,4,2020
12/29/2020,Tuesday,53,December,20201229,Dec,12,4,2020
12/30/2020,Wednesday,53,December,20201230,Dec,12,4,2020
12/31/2020,Thursday,53,December,20201231,Dec,12,4,2020
1/1/2021,Friday,1,January,20210101,Jan,1,1,2021
1/2/2021,Saturday,1,January,20210102,Jan,1,1,2021
1/3/2021,Sunday,2,January,20210103,Jan,1,1,2021
1/4/2021,Monday,2,January,20210104,Jan,1,1,2021
1/5/2021,Tuesday,2,January,20210105,Jan,1,1,2021
1/6/2021,Wednesday,2,January,20210106,Jan,1,1,2021
1/7/2021,Thursday,2,January,20210107,Jan,1,1,2021
1/8/2021,Friday,2,January,20210108,Jan,1,1,2021
1/9/2021,Saturday,2,January,20210109,Jan,1,1,2021
1/10/2021,Sunday,3,January,20210110,Jan,1,1,2021
1/11/2021,Monday,3,January,20210111,Jan,1,1,2021
1/12/2021,Tuesday,3,January,20210112,Jan,1,1,2021
1/13/2021,Wednesday,3,January,20210113,Jan,1,1,2021
1/14/2021,Thursday,3,January,20210114,Jan,1,1,2021
1/15/2021,Friday,3,January,20210115,Jan,1,1,2021
1/16/2021,Saturday,3,January,20210116,Jan,1,1,2021
1/17/2021,Sunday,4,January,20210117,Jan,1,1,2021
1/18/2021,Monday,4,January,20210118,Jan,1,1,2021
1/19/2021,Tuesday,4,January,20210119,Jan,1,1,2021
1/20/2021,Wednesday,4,January,20210120,Jan,1,1,2021
1/21/2021,Thursday,4,January,20210121,Jan,1,1,2021
1/22/2021,Friday,4,January,20210122,Jan,1,1,2021
1/23/2021,Saturday,4,January,20210123,Jan,1,1,2021
1/24/2021,Sunday,5,January,20210124,Jan,1,1,2021
1/25/2021,Monday,5,January,20210125,Jan,1,1,2021
1/26/2021,Tuesday,5,January,20210126,Jan,1,1,2021
1/27/2021,Wednesday,5,January,20210127,Jan,1,1,2021
1/28/2021,Thursday,5,January,20210128,Jan,1,1,2021
1/29/2021,Friday,5,January,20210129,Jan,1,1,2021
1/30/2021,Saturday,5,January,20210130,Jan,1,1,2021
1/31/2021,Sunday,6,January,20210131,Jan,1,1,2021
2/1/2021,Monday,6,February,20210201,Feb,2,1,2021
2/2/2021,Tuesday,6,February,20210202,Feb,2,1,2021
2/3/2021,Wednesday,6,February,20210203,Feb,2,1,2021
2/4/2021,Thursday,6,February,20210204,Feb,2,1,2021
2/5/2021,Friday,6,February,20210205,Feb,2,1,2021
2/6/2021,Saturday,6,February,20210206,Feb,2,1,2021
2/7/2021,Sunday,7,February,20210207,Feb,2,1,2021
2/8/2021,Monday,7,February,20210208,Feb,2,1,2021
2/9/2021,Tuesday,7,February,20210209,Feb,2,1,2021
2/10/2021,Wednesday,7,February,20210210,Feb,2,1,2021
2/11/2021,Thursday,7,February,20210211,Feb,2,1,2021
2/12/2021,Friday,7,February,20210212,Feb,2,1,2021
2/13/2021,Saturday,7,February,20210213,Feb,2,1,2021
2/14/2021,Sunday,8,February,20210214,Feb,2,1,2021
2/15/2021,Monday,8,February,20210215,Feb,2,1,2021
2/16/2021,Tuesday,8,February,20210216,Feb,2,1,2021
2/17/2021,Wednesday,8,February,20210217,Feb,2,1,2021
2/18/2021,Thursday,8,February,20210218,Feb,2,1,2021
2/19/2021,Friday,8,February,20210219,Feb,2,1,2021
2/20/2021,Saturday,8,February,20210220,Feb,2,1,2021
2/21/2021,Sunday,9,February,20210221,Feb,2,1,2021
2/22/2021,Monday,9,February,20210222,Feb,2,1,2021
2/23/2021,Tuesday,9,February,20210223,Feb,2,1,2021
2/24/2021,Wednesday,9,February,20210224,Feb,2,1,2021
2/25/2021,Thursday,9,February,20210225,Feb,2,1,2021
2/26/2021,Friday,9,February,20210226,Feb,2,1,2021
2/27/2021,Saturday,9,February,20210227,Feb,2,1,2021
2/28/2021,Sunday,10,February,20210228,Feb,2,1,2021
3/1/2021,Monday,10,March,20210301,Mar,3,1,2021
3/2/2021,Tuesday,10,March,20210302,Mar,3,1,2021
3/3/2021,Wednesday,10,March,20210303,Mar,3,1,2021
3/4/2021,Thursday,10,March,20210304,Mar,3,1,2021
3/5/2021,Friday,10,March,20210305,Mar,3,1,2021
3/6/2021,Saturday,10,March,20210306,Mar,3,1,2021
3/7/2021,Sunday,11,March,20210307,Mar,3,1,2021
3/8/2021,Monday,11,March,20210308,Mar,3,1,2021
3/9/2021,Tuesday,11,March,20210309,Mar,3,1,2021
3/10/2021,Wednesday,11,March,20210310,Mar,3,1,2021
3/11/2021,Thursday,11,March,20210311,Mar,3,1,2021
3/12/2021,Friday,11,March,20210312,Mar,3,1,2021
3/13/2021,Saturday,11,March,20210313,Mar,3,1,2021
3/14/2021,Sunday,12,March,20210314,Mar,3,1,2021
3/15/2021,Monday,12,March,20210315,Mar,3,1,2021
3/16/2021,Tuesday,12,March,20210316,Mar,3,1,2021
3/17/2021,Wednesday,12,March,20210317,Mar,3,1,2021
3/18/2021,Thursday,12,March,20210318,Mar,3,1,2021
3/19/2021,Friday,12,March,20210319,Mar,3,1,2021
3/20/2021,Saturday,12,March,20210320,Mar,3,1,2021
3/21/2021,Sunday,13,March,20210321,Mar,3,1,2021
3/22/2021,Monday,13,March,20210322,Mar,3,1,2021
3/23/2021,Tuesday,13,March,20210323,Mar,3,1,2021
3/24/2021,Wednesday,13,March,20210324,Mar,3,1,2021
3/25/2021,Thursday,13,March,20210325,Mar,3,1,2021
3/26/2021,Friday,13,March,20210326,Mar,3,1,2021
3/27/2021,Saturday,13,March,20210327,Mar,3,1,2021
3/28/2021,Sunday,14,March,20210328,Mar,3,1,2021
3/29/2021,Monday,14,March,20210329,Mar,3,1,2021
3/30/2021,Tuesday,14,March,20210330,Mar,3,1,2021
3/31/2021,Wednesday,14,March,20210331,Mar,3,1,2021
4/1/2021,Thursday,14,April,20210401,Apr,4,2,2021
4/2/2021,Friday,14,April,20210402,Apr,4,2,2021
4/3/2021,Saturday,14,April,20210403,Apr,4,2,2021
4/4/2021,Sunday,15,April,20210404,Apr,4,2,2021
4/5/2021,Monday,15,April,20210405,Apr,4,2,2021
4/6/2021,Tuesday,15,April,20210406,Apr,4,2,2021
4/7/2021,Wednesday,15,April,20210407,Apr,4,2,2021
4/8/2021,Thursday,15,April,20210408,Apr,4,2,2021
4/9/2021,Friday,15,April,20210409,Apr,4,2,2021
4/10/2021,Saturday,15,April,20210410,Apr,4,2,2021
4/11/2021,Sunday,16,April,20210411,Apr,4,2,2021
4/12/2021,Monday,16,April,20210412,Apr,4,2,2021
4/13/2021,Tuesday,16,April,20210413,Apr,4,2,2021
4/14/2021,Wednesday,16,April,20210414,Apr,4,2,2021
4/15/2021,Thursday,16,April,20210415,Apr,4,2,2021
4/16/2021,Friday,16,April,20210416,Apr,4,2,2021
4/17/2021,Saturday,16,April,20210417,Apr,4,2,2021
4/18/2021,Sunday,17,April,20210418,Apr,4,2,2021
4/19/2021,Monday,17,April,20210419,Apr,4,2,2021
4/20/2021,Tuesday,17,April,20210420,Apr,4,2,2021
4/21/2021,Wednesday,17,April,20210421,Apr,4,2,2021
4/22/2021,Thursday,17,April,20210422,Apr,4,2,2021
4/23/2021,Friday,17,April,20210423,Apr,4,2,2021
4/24/2021,Saturday,17,April,20210424,Apr,4,2,2021
4/25/2021,Sunday,18,April,20210425,Apr,4,2,2021
4/26/2021,Monday,18,April,20210426,Apr,4,2,2021
4/27/2021,Tuesday,18,April,20210427,Apr,4,2,2021
4/28/2021,Wednesday,18,April,20210428,Apr,4,2,2021
4/29/2021,Thursday,18,April,20210429,Apr,4,2,2021
4/30/2021,Friday,18,April,20210430,Apr,4,2,2021
5/1/2021,Saturday,18,May,20210501,May,5,2,2021
5/2/2021,Sunday,19,May,20210502,May,5,2,2021
5/3/2021,Monday,19,May,20210503,May,5,2,2021
5/4/2021,Tuesday,19,May,20210504,May,5,2,2021
5/5/2021,Wednesday,19,May,20210505,May,5,2,2021
5/6/2021,Thursday,19,May,20210506,May,5,2,2021
5/7/2021,Friday,19,May,20210507,May,5,2,2021
5/8/2021,Saturday,19,May,20210508,May,5,2,2021
5/9/2021,Sunday,20,May,20210509,May,5,2,2021
5/10/2021,Monday,20,May,20210510,May,5,2,2021
5/11/2021,Tuesday,20,May,20210511,May,5,2,2021
5/12/2021,Wednesday,20,May,20210512,May,5,2,2021
5/13/2021,Thursday,20,May,20210513,May,5,2,2021
5/14/2021,Friday,20,May,20210514,May,5,2,2021
5/15/2021,Saturday,20,May,20210515,May,5,2,2021
5/16/2021,Sunday,21,May,20210516,May,5,2,2021
5/17/2021,Monday,21,May,20210517,May,5,2,2021
5/18/2021,Tuesday,21,May,20210518,May,5,2,2021
5/19/2021,Wednesday,21,May,20210519,May,5,2,2021
5/20/2021,Thursday,21,May,20210520,May,5,2,2021
5/21/2021,Friday,21,May,20210521,May,5,2,2021
5/22/2021,Saturday,21,May,20210522,May,5,2,2021
5/23/2021,Sunday,22,May,20210523,May,5,2,2021
5/24/2021,Monday,22,May,20210524,May,5,2,2021
5/25/2021,Tuesday,22,May,20210525,May,5,2,2021
5/26/2021,Wednesday,22,May,20210526,May,5,2,2021
5/27/2021,Thursday,22,May,20210527,May,5,2,2021
5/28/2021,Friday,22,May,20210528,May,5,2,2021
5/29/2021,Saturday,22,May,20210529,May,5,2,2021
5/30/2021,Sunday,23,May,20210530,May,5,2,2021
5/31/2021,Monday,23,May,20210531,May,5,2,2021
6/1/2021,Tuesday,23,June,20210601,Jun,6,2,2021
6/2/2021,Wednesday,23,June,20210602,Jun,6,2,2021
6/3/2021,Thursday,23,June,20210603,Jun,6,2,2021
6/4/2021,Friday,23,June,20210604,Jun,6,2,2021
6/5/2021,Saturday,23,June,20210605,Jun,6,2,2021
6/6/2021,Sunday,24,June,20210606,Jun,6,2,2021
6/7/2021,Monday,24,June,20210607,Jun,6,2,2021
6/8/2021,Tuesday,24,June,20210608,Jun,6,2,2021
6/9/2021,Wednesday,24,June,20210609,Jun,6,2,2021
6/10/2021,Thursday,24,June,20210610,Jun,6,2,2021
6/11/2021,Friday,24,June,20210611,Jun,6,2,2021
6/12/2021,Saturday,24,June,20210612,Jun,6,2,2021
6/13/2021,Sunday,25,June,20210613,Jun,6,2,2021
6/14/2021,Monday,25,June,20210614,Jun,6,2,2021
6/15/2021,Tuesday,25,June,20210615,Jun,6,2,2021
6/16/2021,Wednesday,25,June,20210616,Jun,6,2,2021
6/17/2021,Thursday,25,June,20210617,Jun,6,2,2021
6/18/2021,Friday,25,June,20210618,Jun,6,2,2021
6/19/2021,Saturday,25,June,20210619,Jun,6,2,2021
6/20/2021,Sunday,26,June,20210620,Jun,6,2,2021
6/21/2021,Monday,26,June,20210621,Jun,6,2,2021
6/22/2021,Tuesday,26,June,20210622,Jun,6,2,2021
6/23/2021,Wednesday,26,June,20210623,Jun,6,2,2021
6/24/2021,Thursday,26,June,20210624,Jun,6,2,2021
6/25/2021,Friday,26,June,20210625,Jun,6,2,2021
6/26/2021,Saturday,26,June,20210626,Jun,6,2,2021
6/27/2021,Sunday,27,June,20210627,Jun,6,2,2021
6/28/2021,Monday,27,June,20210628,Jun,6,2,2021
6/29/2021,Tuesday,27,June,20210629,Jun,6,2,2021
6/30/2021,Wednesday,27,June,20210630,Jun,6,2,2021
7/1/2021,Thursday,27,July,20210701,Jul,7,3,2021
7/2/2021,Friday,27,July,20210702,Jul,7,3,2021
7/3/2021,Saturday,27,July,20210703,Jul,7,3,2021
7/4/2021,Sunday,28,July,20210704,Jul,7,3,2021
7/5/2021,Monday,28,July,20210705,Jul,7,3,2021
7/6/2021,Tuesday,28,July,20210706,Jul,7,3,2021
7/7/2021,Wednesday,28,July,20210707,Jul,7,3,2021
7/8/2021,Thursday,28,July,20210708,Jul,7,3,2021
7/9/2021,Friday,28,July,20210709,Jul,7,3,2021
7/10/2021,Saturday,28,July,20210710,Jul,7,3,2021
7/11/2021,Sunday,29,July,20210711,Jul,7,3,2021
7/12/2021,Monday,29,July,20210712,Jul,7,3,2021
7/13/2021,Tuesday,29,July,20210713,Jul,7,3,2021
7/14/2021,Wednesday,29,July,20210714,Jul,7,3,2021
7/15/2021,Thursday,29,July,20210715,Jul,7,3,2021
7/16/2021,Friday,29,July,20210716,Jul,7,3,2021
7/17/2021,Saturday,29,July,20210717,Jul,7,3,2021
7/18/2021,Sunday,30,July,20210718,Jul,7,3,2021
7/19/2021,Monday,30,July,20210719,Jul,7,3,2021
7/20/2021,Tuesday,30,July,20210720,Jul,7,3,2021
7/21/2021,Wednesday,30,July,20210721,Jul,7,3,2021
7/22/2021,Thursday,30,July,20210722,Jul,7,3,2021
7/23/2021,Friday,30,July,20210723,Jul,7,3,2021
7/24/2021,Saturday,30,July,20210724,Jul,7,3,2021
7/25/2021,Sunday,31,July,20210725,Jul,7,3,2021
7/26/2021,Monday,31,July,20210726,Jul,7,3,2021
7/27/2021,Tuesday,31,July,20210727,Jul,7,3,2021
7/28/2021,Wednesday,31,July,20210728,Jul,7,3,2021
7/29/2021,Thursday,31,July,20210729,Jul,7,3,2021
7/30/2021,Friday,31,July,20210730,Jul,7,3,2021
7/31/2021,Saturday,31,July,20210731,Jul,7,3,2021
8/1/2021,Sunday,32,August,20210801,Aug,8,3,2021
8/2/2021,Monday,32,August,20210802,Aug,8,3,2021
8/3/2021,Tuesday,32,August,20210803,Aug,8,3,2021
8/4/2021,Wednesday,32,August,20210804,Aug,8,3,2021
8/5/2021,Thursday,32,August,20210805,Aug,8,3,2021
8/6/2021,Friday,32,August,20210806,Aug,8,3,2021
8/7/2021,Saturday,32,August,20210807,Aug,8,3,2021
8/8/2021,Sunday,33,August,20210808,Aug,8,3,2021
8/9/2021,Monday,33,August,20210809,Aug,8,3,2021
8/10/2021,Tuesday,33,August,20210810,Aug,8,3,2021
8/11/2021,Wednesday,33,August,20210811,Aug,8,3,2021
8/12/2021,Thursday,33,August,20210812,Aug,8,3,2021
8/13/2021,Friday,33,August,20210813,Aug,8,3,2021
8/14/2021,Saturday,33,August,20210814,Aug,8,3,2021
8/15/2021,Sunday,34,August,20210815,Aug,8,3,2021
8/16/2021,Monday,34,August,20210816,Aug,8,3,2021
8/17/2021,Tuesday,34,August,20210817,Aug,8,3,2021
8/18/2021,Wednesday,34,August,20210818,Aug,8,3,2021
8/19/2021,Thursday,34,August,20210819,Aug,8,3,2021
8/20/2021,Friday,34,August,20210820,Aug,8,3,2021
8/21/2021,Saturday,34,August,20210821,Aug,8,3,2021
8/22/2021,Sunday,35,August,20210822,Aug,8,3,2021
8/23/2021,Monday,35,August,20210823,Aug,8,3,2021
8/24/2021,Tuesday,35,August,20210824,Aug,8,3,2021
8/25/2021,Wednesday,35,August,20210825,Aug,8,3,2021
8/26/2021,Thursday,35,August,20210826,Aug,8,3,2021
8/27/2021,Friday,35,August,20210827,Aug,8,3,2021
8/28/2021,Saturday,35,August,20210828,Aug,8,3,2021
8/29/2021,Sunday,36,August,20210829,Aug,8,3,2021
8/30/2021,Monday,36,August,20210830,Aug,8,3,2021
8/31/2021,Tuesday,36,August,20210831,Aug,8,3,2021
9/1/2021,Wednesday,36,September,20210901,Sep,9,3,2021
9/2/2021,Thursday,36,September,20210902,Sep,9,3,2021
9/3/2021,Friday,36,September,20210903,Sep,9,3,2021
9/4/2021,Saturday,36,September,20210904,Sep,9,3,2021
9/5/2021,Sunday,37,September,20210905,Sep,9,3,2021
9/6/2021,Monday,37,September,20210906,Sep,9,3,2021
9/7/2021,Tuesday,37,September,20210907,Sep,9,3,2021
9/8/2021,Wednesday,37,September,20210908,Sep,9,3,2021
9/9/2021,Thursday,37,September,20210909,Sep,9,3,2021
9/10/2021,Friday,37,September,20210910,Sep,9,3,2021
9/11/2021,Saturday,37,September,20210911,Sep,9,3,2021
9/12/2021,Sunday,38,September,20210912,Sep,9,3,2021
9/13/2021,Monday,38,September,20210913,Sep,9,3,2021
9/14/2021,Tuesday,38,September,20210914,Sep,9,3,2021
9/15/2021,Wednesday,38,September,20210915,Sep,9,3,2021
9/16/2021,Thursday,38,September,20210916,Sep,9,3,2021
9/17/2021,Friday,38,September,20210917,Sep,9,3,2021
9/18/2021,Saturday,38,September,20210918,Sep,9,3,2021
9/19/2021,Sunday,39,September,20210919,Sep,9,3,2021
9/20/2021,Monday,39,September,20210920,Sep,9,3,2021
9/21/2021,Tuesday,39,September,20210921,Sep,9,3,2021
9/22/2021,Wednesday,39,September,20210922,Sep,9,3,2021
9/23/2021,Thursday,39,September,20210923,Sep,9,3,2021
9/24/2021,Friday,39,September,20210924,Sep,9,3,2021
9/25/2021,Saturday,39,September,20210925,Sep,9,3,2021
9/26/2021,Sunday,40,September,20210926,Sep,9,3,2021
9/27/2021,Monday,40,September,20210927,Sep,9,3,2021
9/28/2021,Tuesday,40,September,20210928,Sep,9,3,2021
9/29/2021,Wednesday,40,September,20210929,Sep,9,3,2021
9/30/2021,Thursday,40,September,20210930,Sep,9,3,2021
10/1/2021,Friday,40,October,20211001,Oct,10,4,2021
10/2/2021,Saturday,40,October,20211002,Oct,10,4,2021
10/3/2021,Sunday,41,October,20211003,Oct,10,4,2021
10/4/2021,Monday,41,October,20211004,Oct,10,4,2021
10/5/2021,Tuesday,41,October,20211005,Oct,10,4,2021
10/6/2021,Wednesday,41,October,20211006,Oct,10,4,2021
10/7/2021,Thursday,41,October,20211007,Oct,10,4,2021
10/8/2021,Friday,41,October,20211008,Oct,10,4,2021
10/9/2021,Saturday,41,October,20211009,Oct,10,4,2021
10/10/2021,Sunday,42,October,20211010,Oct,10,4,2021
10/11/2021,Monday,42,October,20211011,Oct,10,4,2021
10/12/2021,Tuesday,42,October,20211012,Oct,10,4,2021
10/13/2021,Wednesday,42,October,20211013,Oct,10,4,2021
10/14/2021,Thursday,42,October,20211014,Oct,10,4,2021
10/15/2021,Friday,42,October,20211015,Oct,10,4,2021
10/16/2021,Saturday,42,October,20211016,Oct,10,4,2021
10/17/2021,Sunday,43,October,20211017,Oct,10,4,2021
10/18/2021,Monday,43,October,20211018,Oct,10,4,2021
10/19/2021,Tuesday,43,October,20211019,Oct,10,4,2021
10/20/2021,Wednesday,43,October,20211020,Oct,10,4,2021
10/21/2021,Thursday,43,October,20211021,Oct,10,4,2021
10/22/2021,Friday,43,October,20211022,Oct,10,4,2021
10/23/2021,Saturday,43,October,20211023,Oct,10,4,2021
10/24/2021,Sunday,44,October,20211024,Oct,10,4,2021
10/25/2021,Monday,44,October,20211025,Oct,10,4,2021
10/26/2021,Tuesday,44,October,20211026,Oct,10,4,2021
10/27/2021,Wednesday,44,October,20211027,Oct,10,4,2021
10/28/2021,Thursday,44,October,20211028,Oct,10,4,2021
10/29/2021,Friday,44,October,20211029,Oct,10,4,2021
10/30/2021,Saturday,44,October,20211030,Oct,10,4,2021
10/31/2021,Sunday,45,October,20211031,Oct,10,4,2021
11/1/2021,Monday,45,November,20211101,Nov,11,4,2021
11/2/2021,Tuesday,45,November,20211102,Nov,11,4,2021
11/3/2021,Wednesday,45,November,20211103,Nov,11,4,2021
11/4/2021,Thursday,45,November,20211104,Nov,11,4,2021
11/5/2021,Friday,45,November,20211105,Nov,11,4,2021
11/6/2021,Saturday,45,November,20211106,Nov,11,4,2021
11/7/2021,Sunday,46,November,20211107,Nov,11,4,2021
11/8/2021,Monday,46,November,20211108,Nov,11,4,2021
11/9/2021,Tuesday,46,November,20211109,Nov,11,4,2021
11/10/2021,Wednesday,46,November,20211110,Nov,11,4,2021
11/11/2021,Thursday,46,November,20211111,Nov,11,4,2021
11/12/2021,Friday,46,November,20211112,Nov,11,4,2021
11/13/2021,Saturday,46,November,20211113,Nov,11,4,2021
11/14/2021,Sunday,47,November,20211114,Nov,11,4,2021
11/15/2021,Monday,47,November,20211115,Nov,11,4,2021
11/16/2021,Tuesday,47,November,20211116,Nov,11,4,2021
11/17/2021,Wednesday,47,November,20211117,Nov,11,4,2021
11/18/2021,Thursday,47,November,20211118,Nov,11,4,2021
11/19/2021,Friday,47,November,20211119,Nov,11,4,2021
11/20/2021,Saturday,47,November,20211120,Nov,11,4,2021
11/21/2021,Sunday,48,November,20211121,Nov,11,4,2021
11/22/2021,Monday,48,November,20211122,Nov,11,4,2021
11/23/2021,Tuesday,48,November,20211123,Nov,11,4,2021
11/24/2021,Wednesday,48,November,20211124,Nov,11,4,2021
11/25/2021,Thursday,48,November,20211125,Nov,11,4,2021
11/26/2021,Friday,48,November,20211126,Nov,11,4,2021
11/27/2021,Saturday,48,November,20211127,Nov,11,4,2021
11/28/2021,Sunday,49,November,20211128,Nov,11,4,2021
11/29/2021,Monday,49,November,20211129,Nov,11,4,2021
11/30/2021,Tuesday,49,November,20211130,Nov,11,4,2021
12/1/2021,Wednesday,49,December,20211201,Dec,12,4,2021
12/2/2021,Thursday,49,December,20211202,Dec,12,4,2021
12/3/2021,Friday,49,December,20211203,Dec,12,4,2021
12/4/2021,Saturday,49,December,20211204,Dec,12,4,2021
12/5/2021,Sunday,50,December,20211205,Dec,12,4,2021
12/6/2021,Monday,50,December,20211206,Dec,12,4,2021
12/7/2021,Tuesday,50,December,20211207,Dec,12,4,2021
12/8/2021,Wednesday,50,December,20211208,Dec,12,4,2021
12/9/2021,Thursday,50,December,20211209,Dec,12,4,2021
12/10/2021,Friday,50,December,20211210,Dec,12,4,2021
12/11/2021,Saturday,50,December,20211211,Dec,12,4,2021
12/12/2021,Sunday,51,December,20211212,Dec,12,4,2021
12/13/2021,Monday,51,December,20211213,Dec,12,4,2021
12/14/2021,Tuesday,51,December,20211214,Dec,12,4,2021
12/15/2021,Wednesday,51,December,20211215,Dec,12,4,2021
12/16/2021,Thursday,51,December,20211216,Dec,12,4,2021
12/17/2021,Friday,51,December,20211217,Dec,12,4,2021
12/18/2021,Saturday,51,December,20211218,Dec,12,4,2021
12/19/2021,Sunday,52,December,20211219,Dec,12,4,2021
12/20/2021,Monday,52,December,20211220,Dec,12,4,2021
12/21/2021,Tuesday,52,December,20211221,Dec,12,4,2021
12/22/2021,Wednesday,52,December,20211222,Dec,12,4,2021
12/23/2021,Thursday,52,December,20211223,Dec,12,4,2021
12/24/2021,Friday,52,December,20211224,Dec,12,4,2021
12/25/2021,Saturday,52,December,20211225,Dec,12,4,2021
12/26/2021,Sunday,53,December,20211226,Dec,12,4,2021
12/27/2021,Monday,53,December,20211227,Dec,12,4,2021
12/28/2021,Tuesday,53,December,20211228,Dec,12,4,2021
12/29/2021,Wednesday,53,December,20211229,Dec,12,4,2021
12/30/2021,Thursday,53,December,20211230,Dec,12,4,2021
12/31/2021,Friday,53,December,20211231,Dec,12,4,2021
1/1/2022,Saturday,1,January,20220101,Jan,1,1,2022
1/2/2022,Sunday,2,January,20220102,Jan,1,1,2022
1/3/2022,Monday,2,January,20220103,Jan,1,1,2022
1/4/2022,Tuesday,2,January,20220104,Jan,1,1,2022
1/5/2022,Wednesday,2,January,20220105,Jan,1,1,2022
1/6/2022,Thursday,2,January,20220106,Jan,1,1,2022
1/7/2022,Friday,2,January,20220107,Jan,1,1,2022
1/8/2022,Saturday,2,January,20220108,Jan,1,1,2022
1/9/2022,Sunday,3,January,20220109,Jan,1,1,2022
1/10/2022,Monday,3,January,20220110,Jan,1,1,2022
1/11/2022,Tuesday,3,January,20220111,Jan,1,1,2022
1/12/2022,Wednesday,3,January,20220112,Jan,1,1,2022
1/13/2022,Thursday,3,January,20220113,Jan,1,1,2022
1/14/2022,Friday,3,January,20220114,Jan,1,1,2022
1/15/2022,Saturday,3,January,20220115,Jan,1,1,2022
1/16/2022,Sunday,4,January,20220116,Jan,1,1,2022
1/17/2022,Monday,4,January,20220117,Jan,1,1,2022
1/18/2022,Tuesday,4,January,20220118,Jan,1,1,2022
1/19/2022,Wednesday,4,January,20220119,Jan,1,1,2022
1/20/2022,Thursday,4,January,20220120,Jan,1,1,2022
1/21/2022,Friday,4,January,20220121,Jan,1,1,2022
1/22/2022,Saturday,4,January,20220122,Jan,1,1,2022
1/23/2022,Sunday,5,January,20220123,Jan,1,1,2022
1/24/2022,Monday,5,January,20220124,Jan,1,1,2022
1/25/2022,Tuesday,5,January,20220125,Jan,1,1,2022
1/26/2022,Wednesday,5,January,20220126,Jan,1,1,2022
1/27/2022,Thursday,5,January,20220127,Jan,1,1,2022
1/28/2022,Friday,5,January,20220128,Jan,1,1,2022
1/29/2022,Saturday,5,January,20220129,Jan,1,1,2022
1/30/2022,Sunday,6,January,20220130,Jan,1,1,2022
1/31/2022,Monday,6,January,20220131,Jan,1,1,2022
2/1/2022,Tuesday,6,February,20220201,Feb,2,1,2022
2/2/2022,Wednesday,6,February,20220202,Feb,2,1,2022
2/3/2022,Thursday,6,February,20220203,Feb,2,1,2022
2/4/2022,Friday,6,February,20220204,Feb,2,1,2022
2/5/2022,Saturday,6,February,20220205,Feb,2,1,2022
2/6/2022,Sunday,7,February,20220206,Feb,2,1,2022
2/7/2022,Monday,7,February,20220207,Feb,2,1,2022
2/8/2022,Tuesday,7,February,20220208,Feb,2,1,2022
2/9/2022,Wednesday,7,February,20220209,Feb,2,1,2022
2/10/2022,Thursday,7,February,20220210,Feb,2,1,2022
2/11/2022,Friday,7,February,20220211,Feb,2,1,2022
2/12/2022,Saturday,7,February,20220212,Feb,2,1,2022
2/13/2022,Sunday,8,February,20220213,Feb,2,1,2022
2/14/2022,Monday,8,February,20220214,Feb,2,1,2022
2/15/2022,Tuesday,8,February,20220215,Feb,2,1,2022
2/16/2022,Wednesday,8,February,20220216,Feb,2,1,2022
2/17/2022,Thursday,8,February,20220217,Feb,2,1,2022
2/18/2022,Friday,8,February,20220218,Feb,2,1,2022
2/19/2022,Saturday,8,February,20220219,Feb,2,1,2022
2/20/2022,Sunday,9,February,20220220,Feb,2,1,2022
2/21/2022,Monday,9,February,20220221,Feb,2,1,2022
2/22/2022,Tuesday,9,February,20220222,Feb,2,1,2022
2/23/2022,Wednesday,9,February,20220223,Feb,2,1,2022
2/24/2022,Thursday,9,February,20220224,Feb,2,1,2022
2/25/2022,Friday,9,February,20220225,Feb,2,1,2022
2/26/2022,Saturday,9,February,20220226,Feb,2,1,2022
2/27/2022,Sunday,10,February,20220227,Feb,2,1,2022
2/28/2022,Monday,10,February,20220228,Feb,2,1,2022
3/1/2022,Tuesday,10,March,20220301,Mar,3,1,2022
3/2/2022,Wednesday,10,March,20220302,Mar,3,1,2022
3/3/2022,Thursday,10,March,20220303,Mar,3,1,2022
3/4/2022,Friday,10,March,20220304,Mar,3,1,2022
3/5/2022,Saturday,10,March,20220305,Mar,3,1,2022
3/6/2022,Sunday,11,March,20220306,Mar,3,1,2022
3/7/2022,Monday,11,March,20220307,Mar,3,1,2022
3/8/2022,Tuesday,11,March,20220308,Mar,3,1,2022
3/9/2022,Wednesday,11,March,20220309,Mar,3,1,2022
3/10/2022,Thursday,11,March,20220310,Mar,3,1,2022
3/11/2022,Friday,11,March,20220311,Mar,3,1,2022
3/12/2022,Saturday,11,March,20220312,Mar,3,1,2022
3/13/2022,Sunday,12,March,20220313,Mar,3,1,2022
3/14/2022,Monday,12,March,20220314,Mar,3,1,2022
3/15/2022,Tuesday,12,March,20220315,Mar,3,1,2022
3/16/2022,Wednesday,12,March,20220316,Mar,3,1,2022
3/17/2022,Thursday,12,March,20220317,Mar,3,1,2022
3/18/2022,Friday,12,March,20220318,Mar,3,1,2022
3/19/2022,Saturday,12,March,20220319,Mar,3,1,2022
3/20/2022,Sunday,13,March,20220320,Mar,3,1,2022
3/21/2022,Monday,13,March,20220321,Mar,3,1,2022
3/22/2022,Tuesday,13,March,20220322,Mar,3,1,2022
3/23/2022,Wednesday,13,March,20220323,Mar,3,1,2022
3/24/2022,Thursday,13,March,20220324,Mar,3,1,2022
3/25/2022,Friday,13,March,20220325,Mar,3,1,2022
3/26/2022,Saturday,13,March,20220326,Mar,3,1,2022
3/27/2022,Sunday,14,March,20220327,Mar,3,1,2022
3/28/2022,Monday,14,March,20220328,Mar,3,1,2022
3/29/2022,Tuesday,14,March,20220329,Mar,3,1,2022
3/30/2022,Wednesday,14,March,20220330,Mar,3,1,2022
3/31/2022,Thursday,14,March,20220331,Mar,3,1,2022
4/1/2022,Friday,14,April,20220401,Apr,4,2,2022
4/2/2022,Saturday,14,April,20220402,Apr,4,2,2022
4/3/2022,Sunday,15,April,20220403,Apr,4,2,2022
4/4/2022,Monday,15,April,20220404,Apr,4,2,2022
4/5/2022,Tuesday,15,April,20220405,Apr,4,2,2022
4/6/2022,Wednesday,15,April,20220406,Apr,4,2,2022
4/7/2022,Thursday,15,April,20220407,Apr,4,2,2022
4/8/2022,Friday,15,April,20220408,Apr,4,2,2022
4/9/2022,Saturday,15,April,20220409,Apr,4,2,2022
4/10/2022,Sunday,16,April,20220410,Apr,4,2,2022
4/11/2022,Monday,16,April,20220411,Apr,4,2,2022
4/12/2022,Tuesday,16,April,20220412,Apr,4,2,2022
4/13/2022,Wednesday,16,April,20220413,Apr,4,2,2022
4/14/2022,Thursday,16,April,20220414,Apr,4,2,2022
4/15/2022,Friday,16,April,20220415,Apr,4,2,2022
4/16/2022,Saturday,16,April,20220416,Apr,4,2,2022
4/17/2022,Sunday,17,April,20220417,Apr,4,2,2022
4/18/2022,Monday,17,April,20220418,Apr,4,2,2022
4/19/2022,Tuesday,17,April,20220419,Apr,4,2,2022
4/20/2022,Wednesday,17,April,20220420,Apr,4,2,2022
4/21/2022,Thursday,17,April,20220421,Apr,4,2,2022
4/22/2022,Friday,17,April,20220422,Apr,4,2,2022
4/23/2022,Saturday,17,April,20220423,Apr,4,2,2022
4/24/2022,Sunday,18,April,20220424,Apr,4,2,2022
4/25/2022,Monday,18,April,20220425,Apr,4,2,2022
4/26/2022,Tuesday,18,April,20220426,Apr,4,2,2022
4/27/2022,Wednesday,18,April,20220427,Apr,4,2,2022
4/28/2022,Thursday,18,April,20220428,Apr,4,2,2022
4/29/2022,Friday,18,April,20220429,Apr,4,2,2022
4/30/2022,Saturday,18,April,20220430,Apr,4,2,2022
5/1/2022,Sunday,19,May,20220501,May,5,2,2022
5/2/2022,Monday,19,May,20220502,May,5,2,2022
5/3/2022,Tuesday,19,May,20220503,May,5,2,2022
5/4/2022,Wednesday,19,May,20220504,May,5,2,2022
5/5/2022,Thursday,19,May,20220505,May,5,2,2022
5/6/2022,Friday,19,May,20220506,May,5,2,2022
5/7/2022,Saturday,19,May,20220507,May,5,2,2022
5/8/2022,Sunday,20,May,20220508,May,5,2,2022
5/9/2022,Monday,20,May,20220509,May,5,2,2022
5/10/2022,Tuesday,20,May,20220510,May,5,2,2022
5/11/2022,Wednesday,20,May,20220511,May,5,2,2022
5/12/2022,Thursday,20,May,20220512,May,5,2,2022
5/13/2022,Friday,20,May,20220513,May,5,2,2022
5/14/2022,Saturday,20,May,20220514,May,5,2,2022
5/15/2022,Sunday,21,May,20220515,May,5,2,2022
5/16/2022,Monday,21,May,20220516,May,5,2,2022
5/17/2022,Tuesday,21,May,20220517,May,5,2,2022
5/18/2022,Wednesday,21,May,20220518,May,5,2,2022
5/19/2022,Thursday,21,May,20220519,May,5,2,2022
5/20/2022,Friday,21,May,20220520,May,5,2,2022
5/21/2022,Saturday,21,May,20220521,May,5,2,2022
5/22/2022,Sunday,22,May,20220522,May,5,2,2022
5/23/2022,Monday,22,May,20220523,May,5,2,2022
5/24/2022,Tuesday,22,May,20220524,May,5,2,2022
5/25/2022,Wednesday,22,May,20220525,May,5,2,2022
5/26/2022,Thursday,22,May,20220526,May,5,2,2022
5/27/2022,Friday,22,May,20220527,May,5,2,2022
5/28/2022,Saturday,22,May,20220528,May,5,2,2022
5/29/2022,Sunday,23,May,20220529,May,5,2,2022
5/30/2022,Monday,23,May,20220530,May,5,2,2022
5/31/2022,Tuesday,23,May,20220531,May,5,2,2022
6/1/2022,Wednesday,23,June,20220601,Jun,6,2,2022
6/2/2022,Thursday,23,June,20220602,Jun,6,2,2022
6/3/2022,Friday,23,June,20220603,Jun,6,2,2022
6/4/2022,Saturday,23,June,20220604,Jun,6,2,2022
6/5/2022,Sunday,24,June,20220605,Jun,6,2,2022
6/6/2022,Monday,24,June,20220606,Jun,6,2,2022
6/7/2022,Tuesday,24,June,20220607,Jun,6,2,2022
6/8/2022,Wednesday,24,June,20220608,Jun,6,2,2022
6/9/2022,Thursday,24,June,20220609,Jun,6,2,2022
6/10/2022,Friday,24,June,20220610,Jun,6,2,2022
6/11/2022,Saturday,24,June,20220611,Jun,6,2,2022
6/12/2022,Sunday,25,June,20220612,Jun,6,2,2022
6/13/2022,Monday,25,June,20220613,Jun,6,2,2022
6/14/2022,Tuesday,25,June,20220614,Jun,6,2,2022
6/15/2022,Wednesday,25,June,20220615,Jun,6,2,2022
6/16/2022,Thursday,25,June,20220616,Jun,6,2,2022
6/17/2022,Friday,25,June,20220617,Jun,6,2,2022
6/18/2022,Saturday,25,June,20220618,Jun,6,2,2022
6/19/2022,Sunday,26,June,20220619,Jun,6,2,2022
6/20/2022,Monday,26,June,20220620,Jun,6,2,2022
6/21/2022,Tuesday,26,June,20220621,Jun,6,2,2022
6/22/2022,Wednesday,26,June,20220622,Jun,6,2,2022
6/23/2022,Thursday,26,June,20220623,Jun,6,2,2022
6/24/2022,Friday,26,June,20220624,Jun,6,2,2022
6/25/2022,Saturday,26,June,20220625,Jun,6,2,2022
6/26/2022,Sunday,27,June,20220626,Jun,6,2,2022
6/27/2022,Monday,27,June,20220627,Jun,6,2,2022
6/28/2022,Tuesday,27,June,20220628,Jun,6,2,2022
6/29/2022,Wednesday,27,June,20220629,Jun,6,2,2022
6/30/2022,Thursday,27,June,20220630,Jun,6,2,2022
7/1/2022,Friday,27,July,20220701,Jul,7,3,2022
7/2/2022,Saturday,27,July,20220702,Jul,7,3,2022
7/3/2022,Sunday,28,July,20220703,Jul,7,3,2022
7/4/2022,Monday,28,July,20220704,Jul,7,3,2022
7/5/2022,Tuesday,28,July,20220705,Jul,7,3,2022
7/6/2022,Wednesday,28,July,20220706,Jul,7,3,2022
7/7/2022,Thursday,28,July,20220707,Jul,7,3,2022
7/8/2022,Friday,28,July,20220708,Jul,7,3,2022
7/9/2022,Saturday,28,July,20220709,Jul,7,3,2022
7/10/2022,Sunday,29,July,20220710,Jul,7,3,2022
7/11/2022,Monday,29,July,20220711,Jul,7,3,2022
7/12/2022,Tuesday,29,July,20220712,Jul,7,3,2022
7/13/2022,Wednesday,29,July,20220713,Jul,7,3,2022
7/14/2022,Thursday,29,July,20220714,Jul,7,3,2022
7/15/2022,Friday,29,July,20220715,Jul,7,3,2022
7/16/2022,Saturday,29,July,20220716,Jul,7,3,2022
7/17/2022,Sunday,30,July,20220717,Jul,7,3,2022
7/18/2022,Monday,30,July,20220718,Jul,7,3,2022
7/19/2022,Tuesday,30,July,20220719,Jul,7,3,2022
7/20/2022,Wednesday,30,July,20220720,Jul,7,3,2022
7/21/2022,Thursday,30,July,20220721,Jul,7,3,2022
7/22/2022,Friday,30,July,20220722,Jul,7,3,2022
7/23/2022,Saturday,30,July,20220723,Jul,7,3,2022
7/24/2022,Sunday,31,July,20220724,Jul,7,3,2022
7/25/2022,Monday,31,July,20220725,Jul,7,3,2022
7/26/2022,Tuesday,31,July,20220726,Jul,7,3,2022
7/27/2022,Wednesday,31,July,20220727,Jul,7,3,2022
7/28/2022,Thursday,31,July,20220728,Jul,7,3,2022
7/29/2022,Friday,31,July,20220729,Jul,7,3,2022
7/30/2022,Saturday,31,July,20220730,Jul,7,3,2022
7/31/2022,Sunday,32,July,20220731,Jul,7,3,2022
8/1/2022,Monday,32,August,20220801,Aug,8,3,2022
8/2/2022,Tuesday,32,August,20220802,Aug,8,3,2022
8/3/2022,Wednesday,32,August,20220803,Aug,8,3,2022
8/4/2022,Thursday,32,August,20220804,Aug,8,3,2022
8/5/2022,Friday,32,August,20220805,Aug,8,3,2022
8/6/2022,Saturday,32,August,20220806,Aug,8,3,2022
8/7/2022,Sunday,33,August,20220807,Aug,8,3,2022
8/8/2022,Monday,33,August,20220808,Aug,8,3,2022
8/9/2022,Tuesday,33,August,20220809,Aug,8,3,2022
8/10/2022,Wednesday,33,August,20220810,Aug,8,3,2022
8/11/2022,Thursday,33,August,20220811,Aug,8,3,2022
8/12/2022,Friday,33,August,20220812,Aug,8,3,2022
8/13/2022,Saturday,33,August,20220813,Aug,8,3,2022
8/14/2022,Sunday,34,August,20220814,Aug,8,3,2022
8/15/2022,Monday,34,August,20220815,Aug,8,3,2022
8/16/2022,Tuesday,34,August,20220816,Aug,8,3,2022
8/17/2022,Wednesday,34,August,20220817,Aug,8,3,2022
8/18/2022,Thursday,34,August,20220818,Aug,8,3,2022
8/19/2022,Friday,34,August,20220819,Aug,8,3,2022
8/20/2022,Saturday,34,August,20220820,Aug,8,3,2022
8/21/2022,Sunday,35,August,20220821,Aug,8,3,2022
8/22/2022,Monday,35,August,20220822,Aug,8,3,2022
8/23/2022,Tuesday,35,August,20220823,Aug,8,3,2022
8/24/2022,Wednesday,35,August,20220824,Aug,8,3,2022
8/25/2022,Thursday,35,August,20220825,Aug,8,3,2022
8/26/2022,Friday,35,August,20220826,Aug,8,3,2022
8/27/2022,Saturday,35,August,20220827,Aug,8,3,2022
8/28/2022,Sunday,36,August,20220828,Aug,8,3,2022
8/29/2022,Monday,36,August,20220829,Aug,8,3,2022
8/30/2022,Tuesday,36,August,20220830,Aug,8,3,2022
8/31/2022,Wednesday,36,August,20220831,Aug,8,3,2022
9/1/2022,Thursday,36,September,20220901,Sep,9,3,2022
9/2/2022,Friday,36,September,20220902,Sep,9,3,2022
9/3/2022,Saturday,36,September,20220903,Sep,9,3,2022
9/4/2022,Sunday,37,September,20220904,Sep,9,3,2022
9/5/2022,Monday,37,September,20220905,Sep,9,3,2022
9/6/2022,Tuesday,37,September,20220906,Sep,9,3,2022
9/7/2022,Wednesday,37,September,20220907,Sep,9,3,2022
9/8/2022,Thursday,37,September,20220908,Sep,9,3,2022
9/9/2022,Friday,37,September,20220909,Sep,9,3,2022
9/10/2022,Saturday,37,September,20220910,Sep,9,3,2022
9/11/2022,Sunday,38,September,20220911,Sep,9,3,2022
9/12/2022,Monday,38,September,20220912,Sep,9,3,2022
9/13/2022,Tuesday,38,September,20220913,Sep,9,3,2022
9/14/2022,Wednesday,38,September,20220914,Sep,9,3,2022
9/15/2022,Thursday,38,September,20220915,Sep,9,3,2022
9/16/2022,Friday,38,September,20220916,Sep,9,3,2022
9/17/2022,Saturday,38,September,20220917,Sep,9,3,2022
9/18/2022,Sunday,39,September,20220918,Sep,9,3,2022
9/19/2022,Monday,39,September,20220919,Sep,9,3,2022
9/20/2022,Tuesday,39,September,20220920,Sep,9,3,2022
9/21/2022,Wednesday,39,September,20220921,Sep,9,3,2022
9/22/2022,Thursday,39,September,20220922,Sep,9,3,2022
9/23/2022,Friday,39,September,20220923,Sep,9,3,2022
9/24/2022,Saturday,39,September,20220924,Sep,9,3,2022
9/25/2022,Sunday,40,September,20220925,Sep,9,3,2022
9/26/2022,Monday,40,September,20220926,Sep,9,3,2022
9/27/2022,Tuesday,40,September,20220927,Sep,9,3,2022
9/28/2022,Wednesday,40,September,20220928,Sep,9,3,2022
9/29/2022,Thursday,40,September,20220929,Sep,9,3,2022
9/30/2022,Friday,40,September,20220930,Sep,9,3,2022
10/1/2022,Saturday,40,October,20221001,Oct,10,4,2022
10/2/2022,Sunday,41,October,20221002,Oct,10,4,2022
10/3/2022,Monday,41,October,20221003,Oct,10,4,2022
10/4/2022,Tuesday,41,October,20221004,Oct,10,4,2022
10/5/2022,Wednesday,41,October,20221005,Oct,10,4,2022
10/6/2022,Thursday,41,October,20221006,Oct,10,4,2022
10/7/2022,Friday,41,October,20221007,Oct,10,4,2022
10/8/2022,Saturday,41,October,20221008,Oct,10,4,2022
10/9/2022,Sunday,42,October,20221009,Oct,10,4,2022
10/10/2022,Monday,42,October,20221010,Oct,10,4,2022
10/11/2022,Tuesday,42,October,20221011,Oct,10,4,2022
10/12/2022,Wednesday,42,October,20221012,Oct,10,4,2022
10/13/2022,Thursday,42,October,20221013,Oct,10,4,2022
10/14/2022,Friday,42,October,20221014,Oct,10,4,2022
10/15/2022,Saturday,42,October,20221015,Oct,10,4,2022
10/16/2022,Sunday,43,October,20221016,Oct,10,4,2022
10/17/2022,Monday,43,October,20221017,Oct,10,4,2022
10/18/2022,Tuesday,43,October,20221018,Oct,10,4,2022
10/19/2022,Wednesday,43,October,20221019,Oct,10,4,2022
10/20/2022,Thursday,43,October,20221020,Oct,10,4,2022
10/21/2022,Friday,43,October,20221021,Oct,10,4,2022
10/22/2022,Saturday,43,October,20221022,Oct,10,4,2022
10/23/2022,Sunday,44,October,20221023,Oct,10,4,2022
10/24/2022,Monday,44,October,20221024,Oct,10,4,2022
10/25/2022,Tuesday,44,October,20221025,Oct,10,4,2022
10/26/2022,Wednesday,44,October,20221026,Oct,10,4,2022
10/27/2022,Thursday,44,October,20221027,Oct,10,4,2022
10/28/2022,Friday,44,October,20221028,Oct,10,4,2022
10/29/2022,Saturday,44,October,20221029,Oct,10,4,2022
10/30/2022,Sunday,45,October,20221030,Oct,10,4,2022
10/31/2022,Monday,45,October,20221031,Oct,10,4,2022
11/1/2022,Tuesday,45,November,20221101,Nov,11,4,2022
11/2/2022,Wednesday,45,November,20221102,Nov,11,4,2022
11/3/2022,Thursday,45,November,20221103,Nov,11,4,2022
11/4/2022,Friday,45,November,20221104,Nov,11,4,2022
11/5/2022,Saturday,45,November,20221105,Nov,11,4,2022
11/6/2022,Sunday,46,November,20221106,Nov,11,4,2022
11/7/2022,Monday,46,November,20221107,Nov,11,4,2022
11/8/2022,Tuesday,46,November,20221108,Nov,11,4,2022
11/9/2022,Wednesday,46,November,20221109,Nov,11,4,2022
11/10/2022,Thursday,46,November,20221110,Nov,11,4,2022
11/11/2022,Friday,46,November,20221111,Nov,11,4,2022
11/12/2022,Saturday,46,November,20221112,Nov,11,4,2022
11/13/2022,Sunday,47,November,20221113,Nov,11,4,2022
11/14/2022,Monday,47,November,20221114,Nov,11,4,2022
11/15/2022,Tuesday,47,November,20221115,Nov,11,4,2022
11/16/2022,Wednesday,47,November,20221116,Nov,11,4,2022
11/17/2022,Thursday,47,November,20221117,Nov,11,4,2022
11/18/2022,Friday,47,November,20221118,Nov,11,4,2022
11/19/2022,Saturday,47,November,20221119,Nov,11,4,2022
11/20/2022,Sunday,48,November,20221120,Nov,11,4,2022
11/21/2022,Monday,48,November,20221121,Nov,11,4,2022
11/22/2022,Tuesday,48,November,20221122,Nov,11,4,2022
11/23/2022,Wednesday,48,November,20221123,Nov,11,4,2022
11/24/2022,Thursday,48,November,20221124,Nov,11,4,2022
11/25/2022,Friday,48,November,20221125,Nov,11,4,2022
11/26/2022,Saturday,48,November,20221126,Nov,11,4,2022
11/27/2022,Sunday,49,November,20221127,Nov,11,4,2022
11/28/2022,Monday,49,November,20221128,Nov,11,4,2022
11/29/2022,Tuesday,49,November,20221129,Nov,11,4,2022
11/30/2022,Wednesday,49,November,20221130,Nov,11,4,2022
12/1/2022,Thursday,49,December,20221201,Dec,12,4,2022
12/2/2022,Friday,49,December,20221202,Dec,12,4,2022
12/3/2022,Saturday,49,December,20221203,Dec,12,4,2022
12/4/2022,Sunday,50,December,20221204,Dec,12,4,2022
12/5/2022,Monday,50,December,20221205,Dec,12,4,2022
12/6/2022,Tuesday,50,December,20221206,Dec,12,4,2022
12/7/2022,Wednesday,50,December,20221207,Dec,12,4,2022
12/8/2022,Thursday,50,December,20221208,Dec,12,4,2022
12/9/2022,Friday,50,December,20221209,Dec,12,4,2022
12/10/2022,Saturday,50,December,20221210,Dec,12,4,2022
12/11/2022,Sunday,51,December,20221211,Dec,12,4,2022
12/12/2022,Monday,51,December,20221212,Dec,12,4,2022
12/13/2022,Tuesday,51,December,20221213,Dec,12,4,2022
12/14/2022,Wednesday,51,December,20221214,Dec,12,4,2022
12/15/2022,Thursday,51,December,20221215,Dec,12,4,2022
12/16/2022,Friday,51,December,20221216,Dec,12,4,2022
12/17/2022,Saturday,51,December,20221217,Dec,12,4,2022
12/18/2022,Sunday,52,December,20221218,Dec,12,4,2022
12/19/2022,Monday,52,December,20221219,Dec,12,4,2022
12/20/2022,Tuesday,52,December,20221220,Dec,12,4,2022
12/21/2022,Wednesday,52,December,20221221,Dec,12,4,2022
12/22/2022,Thursday,52,December,20221222,Dec,12,4,2022
12/23/2022,Friday,52,December,20221223,Dec,12,4,2022
12/24/2022,Saturday,52,December,20221224,Dec,12,4,2022
12/25/2022,Sunday,53,December,20221225,Dec,12,4,2022
12/26/2022,Monday,53,December,20221226,Dec,12,4,2022
12/27/2022,Tuesday,53,December,20221227,Dec,12,4,2022
12/28/2022,Wednesday,53,December,20221228,Dec,12,4,2022
12/29/2022,Thursday,53,December,20221229,Dec,12,4,2022
12/30/2022,Friday,53,December,20221230,Dec,12,4,2022
12/31/2022,Saturday,53,December,20221231,Dec,12,4,2022
